:020000040800F2
:10000000F8970024A503000801BC000865950008C6
:10001000FDBB00081B17000867DB0008000000009C
:10002000000000000000000000000000E5020008E1
:10003000F529000800000000410300087DCA0008FF
:10004000BF030008BF030008BF030008BF03000888
:10005000BF030008BF030008BF030008BF03000878
:10006000BF030008BF030008BF03000815220008F3
:100070002522000835220008BF030008BF0300083E
:10008000BF030008BF030008BF030008B92B000826
:10009000292C0008BF030008BF030008BF030008A5
:1000A000BF030008BF030008BF030008BF03000828
:1000B00045CC0008BF030008BF030008BF030008C9
:1000C000BF030008BF030008BF030008BF03000808
:1000D0001DC90008BF030008BF030008BF030008D4
:1000E000BF030008BF03000800000000BF030008B2
:1000F000BF030008BF030008BF030008BF030008D8
:10010000BF030008BF030008BF030008BF030008C7
:10011000BF030008BF030008BF030008BF030008B7
:10012000BF030008BF030008BF030008BF030008A7
:10013000BF030008BF030008BF030008BF03000897
:1001400000000000000000000000000000000000AF
:10015000BF030008BF030008BF030008BF03000877
:10016000BF030008BF030008BF030008BF03000867
:10017000BF030008BF030008BF0300080000000021
:10018000BF030008BF0300089DD00008BF0300089C
:10019000BF030008BF030008BF030008BF03000837
:1001A000BF030008BF030008BF03000800000000F1
:1001B000BF030008BF030008BF030008BF03000817
:1001C000BF030008BF03000800000000000000009B
:1001D0000000000000000000BF0300080000000055
:1001E000000000000000000000000000000000000F
:1001F0000000000000000000BF030008BF0300086B
:10020000BF030008BF03000800000000BF03000890
:10021000BF030008BF030008BF030008BF030008B6
:10022000BF03000800000000BF030008000000003A
:10023000BF030008BF03000800000000BF03000860
:10024000BF030008BF030008BF030008BF03000886
:10025000BF030008BF030008BF030008BF03000876
:10026000BF030008BF030008BF030008BF03000866
:10027000BF030008BF030008BF0300080000000020
:10028000BF030008BF030008BF030008BF03000846
:1002900000000000BF030008BF03000800000000CA
:1002A00000000000BF030008BF030008BF030008F0
:1002B000BF030008BF030008BF030008392C000873
:1002C000BF030008BF030008BF030008DFF810D019
:1002D00000F0C4FA00480047710E0108AFF3008037
:1002E000F89700242C4B19680868B0E8F04F80F3A9
:1002F0000988BFF36F8F4FF0000080F311887047BB
:100300000000000008480068006880F308884FF08B
:10031000000080F3148862B661B6BFF34F8FBFF35D
:100320006F8F00DF00BF00BF08ED00E0DFF80C00BA
:10033000016841F470010160704700BF88ED00E082
:10034000EFF30980BFF36F8F134B1A681EF0100F85
:1003500008BF20ED108A20E9F04F106009B44FF07B
:10036000500080F31188BFF34F8FBFF36F8F11F0F0
:10037000E3FB4FF0000080F3118809BC196808689E
:10038000B0E8F04F1EF0100F08BFB0EC108A80F3F9
:100390000988BFF36F8F704774010024EFF3058065
:1003A000704700000648804706480047FEE7FEE722
:1003B000FEE7FEE7FEE7FEE7FEE7FEE7FEE7FEE715
:1003C00065CB0008CD0200082DE9F05F054600204E
:1003D00092469B4688460646814640241BE02846B6
:1003E00041464746224600F070F853465A46C01A26
:1003F000914110D311461846224600F057F82D1AA5
:1004000067EB01084F4622460120002100F04EF81C
:1004100017EB00094E41201EA4F10104DFDC484621
:1004200031462A464346BDE8F09F40EA01039B0758
:1004300003D009E008C9121F08C0042AFAD203E059
:1004400011F8013B00F8013B521EF9D27047D2B2BD
:1004500001E000F8012B491EFBD270470022F6E7AD
:1004600010B513460A4604461946FFF7F0FF20462A
:1004700010BD421C10F8011B0029FBD1801A7047E7
:1004800030B50B46014600202022012409E021FA64
:1004900002F59D4205D303FA02F5491B04FA02F561
:1004A0002844151EA2F10102F1DC30BD202A04DB34
:1004B000203A00FA02F1002070479140C2F1200377
:1004C00020FA03F3194390407047202A04DB203AB6
:1004D00021FA02F00021704721FA02F3D040C2F164
:1004E000200291400843194670472DE9FE4F80468F
:1004F00081EA0300C00F0C46009021F0004123F078
:100500000045B8EB0200A94105D24046214690467D
:100510001C460B46024623F00040104347D0270DEF
:10052000C7F30A00C3F30A510290401A0190402811
:100530006BDAC3F3130040F4801B0098924620B19D
:100540000023D2EB030A63EB0B0B01985946C0F171
:1005500040025046FFF7AAFF06460D465046594650
:10056000019A00F08DF910EB08006141002487EA40
:10057000115284EAE7731A4340D0009A62B3019A99
:10058000012A4FEA075215DC001B61EB02014FF014
:10059000004202EA0752CDE90042001C41F58011F9
:1005A00032462B4600F08DF903B0BDE8F08F40468F
:1005B0002146F9E7001B61EB0201001C41F58013A5
:1005C00000185B412018A2F5001747EB030140EA31
:1005D000D570B6196D4111E06D084FEA360645EA4F
:1005E000C0754FEA0752001B61EB0201001C41F588
:1005F000801149084FEA30000019514132462B461C
:1006000003B0BDE8F04F00F04DB900980122400062
:100610000023D0EB020263EBE073009821464FEA1F
:10062000E074B8EB000061EB0401E9E783F00043FC
:100630005BE781F0004158E72DE9FE4F81EA0304B2
:1006400004F0004421F0004100944FF0000B23F02F
:10065000004350EA01045ED052EA03045BD0C3F3C6
:100660000A54C1F30A552C44A4F2F3340194A0FBBC
:100670000254C1F3130141F48011C3F3130343F493
:10068000801301FB024400FB034E840A970A44EAEC
:10069000815447EA8357A4FB076802958D0A05FB3E
:1006A00007854FEA932C04FB0C542705029D4FEA63
:1006B000065847EA1637B5EB08056EEB070C870EB0
:1006C000920E47EA811742EA8312A7FB0201B6EBBA
:1006D0000B0164EB00042B0D43EA0C335E1844EB72
:1006E0001C50DA465146E7FB0201C5F313044FEAFA
:1006F0000B3343EA14534FEA0432019C43EA0603E6
:10070000A4F10C040294009CCDE900B400F0D9F8E7
:1007100003B0BDE8F08F00200146F9E72DE9F04D68
:1007200081EA030404F0004B21F0004514464FF029
:10073000000A23F0004150EA050220D054EA0102E9
:100740001DD0C5F30A570246C5F31303C1F31300C6
:10075000C1F30A5640F4801543F48013A7EB060852
:10076000101BD64608F2FD3873EB050002D308F1E2
:10077000010801E092185B41B8F1000F03DA002094
:100780000146BDE8F08D00204FF4801106468446F6
:100790000EE0171B73EB050705D3121B63EB050374
:1007A00006434CEA010C49084FEA300092185B41BD
:1007B00050EA0107EDD152EA030012D082EA0400A8
:1007C00083EA0501084305D0101BAB4106D2012284
:1007D000002306E000224FF0004302E06FF0010228
:1007E00053101AEB06004CEB085110EB0A0041EBDA
:1007F0000B01BDE8F04D00F055B8C1F30A52C1F34A
:10080000130140F2FF3341F480119A4202DA0020D2
:100810000146704740F233439A42A2F2334202DC6F
:100820005242FFF752BEFFF741BE000030B5041E32
:1008300071F1000404DB4FF00044404264EB01011D
:10084000141E73F1000405DB1C464FF000435242B6
:1008500063EB0403994208BF904230BD064C074D3C
:1008600006E0E06840F0010394E807009847103480
:10087000AC42F6D3FFF72EFDE82A0108082B010849
:10088000202A06DBCB17203A41FA02F043EAE07354
:1008900006E041FA02F3D040C2F120029140084341
:1008A0001946704710B5141E73F1000408DA401C95
:1008B00041F1000192185B411A4301D120F001007F
:1008C00010BD2DE9F04D92469B4611B1B1FA81F26F
:1008D00002E0B0FA80F220329046FFF7E7FD0446CE
:1008E0000F4640EA0A0041EA0B0153465A460843C4
:1008F00013D0114653EA010019D0C8F14002504606
:10090000FFF7E3FD05460E46504659464246FFF7BF
:10091000CDFD084305D0012004E020463946BDE85E
:10092000F08D0020054346EAE0762C4337430A98D1
:100930006305E40AA0EB08000022FD0A44EA4754DC
:100940000A3002D500200146E9E701051019694186
:10095000DDE9084500196941BDE8F04DA2E770B531
:100960008C1810F8015B15F0070301D110F8013B5A
:100970002A1106D110F8012B03E010F8016B01F8E1
:10098000016B5B1EF9D12B0705D40023521E0DD439
:1009900001F8013BFAE710F8013BCB1A921C03E087
:1009A00013F8015B01F8015B521EF9D5A142D8D3BF
:1009B000002070BD9FED201AB5EE002A00EE012A3E
:1009C0009FED1E1ABDEEC20AB5EEC02AF1EE10FA76
:1009D00010EE100AB8BF013800EE100A0020B8EE81
:1009E000C00A32EE400A9FED162A20EE010ABCEE44
:1009F000C01A11EE101A30EE021AB0EB512F18BFC8
:100A0000002102EE101A42F2E42000FE010AC0F6B4
:100A10000100B8EE422A00EB810090ED011A30EEA1
:100A2000420AB7EE002A32EE402A20EE010A90ED8B
:100A3000001A02EE010A704783F9223E00000044CA
:100A4000000000C4B0B503880D88AB4256D145887C
:100A50004C88A54252D11488A3424FD15488A54254
:100A60004CD105FB03FC436800254968B5EB9C0F9E
:100A7000506831D04FEA9C02524200BF93ED000A09
:100A800091ED001A30EE010A03F1100E01F110048D
:100A900000F1100580ED000A013293ED010A91ED9D
:100AA000011A30EE010A80ED010A93ED020A91ED80
:100AB000021A30EE010A80ED020A93ED030A91ED6D
:100AC000031A30EE010A7346214680ED030A2846D8
:100AD000D4D12146284673461CF003020CD0524262
:100AE000B3EC010AB1EC011A30EE010A051D013226
:100AF00080ED000A2846F3D1002000E0FD2040B23E
:100B0000B0BD018042804360704700002DE9F04F86
:100B10008BB0B0F800B0B0F802E0F34540F051817E
:100B20000B88FD229B4540F04D814F88BB4240F031
:100B30004981BBF1000F436800F029816FF0030089
:100B40004C6800EB8B08CDF81CE0002700934FF0B9
:100B50007E5906945E462046BBEB060009D0B900DC
:100B60002046FFF77BFC00200130874204F104049B
:100B7000FAD104F1040AC4F80090751E10D0A8EB55
:100B800087015046FFF76AFC012054460130864237
:100B900004F10404FAD1002D07F101072E46DBD140
:100BA000BBF1000F009BDDF81CE000F0F08004209A
:100BB000CDF814B000EB8E0001901846ABF10106A1
:100BC00003EB8E044FEA8E021D1DCEF100010023BF
:100BD00008919FED800A7746814600BF5B4580F013
:100BE000F58003FB0EF0B0EE403A09EB80010A916C
:100BF00091ED001A0699B0EE414A01EB8000099090
:100C00002146304606E000BF91ED004A0138B0EEC3
:100C1000423A1144B5EEC04AF1EE10FA0ADDB4EEE4
:100C2000C34AB0EE442AF1EE10FAD8BFB0EE432A20
:100C300009E000BFB1EE442AB4EEC23AF1EE10FA78
:100C400001DBB0EE432A0028DED1B5EE402AF1EEFA
:100C500010FA00F0BB80B0EEC13AB4EE423AF1EEC9
:100C600010FA1CBFD84310EB0B0004D0002000BFCB
:100C700001308642FCD1B5EE401AF1EE10FA00F0D8
:100C8000A580CDE90346AEEB030C0A99BCF1010F38
:100C90004FF07E5008600AD00120294691ED002ACD
:100CA00082EE012A01308742A1EC012AF6D1DDE96A
:100CB000080100BF91ED002A82EE012A0C1D0130CF
:100CC00081ED002A2146F5D1ACF1010B05994FF0D9
:100CD0000008DDF818A04846CDF80890984505D1E1
:100CE00000EB8C060AEB8E0A33E000BF90ED001A91
:100CF0000A9CB0EE413ABBF1000F94ED002A01EEE0
:100D0000423A00F1040680ED003A15D0012000249B
:100D100006EB040905EB040E99ED002A9EED003A5E
:100D200001EE432A0130874204F1040489ED002AD0
:100D3000EED12644DDF81CE0DDE908049AED002A36
:100D400094ED003A01EE432A04340130AAEC012A62
:100D5000F4D106EB8300013908F10108BED1DDF8BA
:100D60000890013F049E09F10409039C03F101036B
:100D70000198A6F101060444DDF814B005447FF49F
:100D80002DAFB5EE401A009BF1EE10FA20D10EFB0C
:100D90000BF1002000294FF000020BD093ED000A68
:100DA000B5EE400AF1EE10FA04D101328A4203F1A5
:100DB0000403F3D38A4208BF6FF004000BB0BDE810
:100DC000F08FFD2250B20BB0BDE8F08FFB22F9E7A7
:100DD0000022F7E7000000002DE9F04F88B0B0F8DE
:100DE00002C00B889C4540F08880B0F800E0138872
:100DF0009E4540F08280B1F80290538899457CD19D
:100E00004FEA9C04476804FB09F049680CF00305AD
:100E1000029101EB0010019000202CF00303A0EBE5
:100E20009C0107EB830607914FEA89035168C5F1DE
:100E3000000A00919FED330ACDE9039CCDE9050E30
:100E40000099CE4601EB8008DDE901BC002CB0EE34
:100E5000401AE146384627D0624607993846B0EE38
:100E6000401A00BF92ED002A90ED003A03EE021AFC
:100E70001A4490ED014A92ED002A04EE021A1A4437
:100E800090ED025A92ED002A05EE021A1A4490EDF6
:100E9000036A92ED002A06EE021A013100F11000F9
:100EA0001A44DFD1D946304655B1514690ED002A5B
:100EB00099ED003A02EE031A043001319944F5D15C
:100EC00008F1040088ED001ABEF1010E0CF1040CCB
:100ED0000BF1040B8046B9D1DDF80C900598DDF8D4
:100EE00010C04844DDF818E007EB8C07BEF1010E96
:100EF00006EB8C06A2D1002000E0FD2040B208B035
:100F0000BDE8F08F00000000B0B503880D88AB424B
:100F100056D145884C88A54252D11488A3424FD15E
:100F20005488A5424CD105FB03FC43680025496861
:100F3000B5EB9C0F506831D04FEA9C02524200BF83
:100F400093ED000A91ED001A30EE410A03F1100E04
:100F500001F1100400F1100580ED000A013293ED5B
:100F6000010A91ED011A30EE410A80ED010A93ED7C
:100F7000020A91ED021A30EE410A80ED020A93ED69
:100F8000030A91ED031A30EE410A7346214680EDC3
:100F9000030A2846D4D12146284673461CF0030292
:100FA0000CD05242B3EC010AB1EC011A30EE410A06
:100FB000051D013280ED000A2846F3D1002000E033
:100FC000FD2040B2B0BD00002DE9F04F83B0028893
:100FD0004B889A424DD144880B889C4249D10023CA
:100FE000D1F804804FEA940C416804F0030ECDF868
:100FF0000080A3EB94040294140196000194CEF1B6
:10100000000B4046BCF1000F1ED04746029C00BFBB
:1010100008683D4638603744486807EB0609A85120
:1010200001F11000D1F808A0013447F806A009EB3F
:101030000607C968374449F806100146E8D1019906
:101040006C18014603E000BF009800EB8304BEF17A
:10105000000F07D05D4600BF51F8040B013520603A
:101060003444F9D10133013A08F10408CAD100200F
:1010700000E0FD2040B203B0BDE8F08F9FED1F1AE5
:1010800020EE010A9FED1F2ABDEEC01AB5EEC00A80
:10109000F1EE10FA11EE100AB8BF013801EE100A95
:1010A0000020B8EEC11A30EE410A9FED151A20EE6D
:1010B000010ABCEEC01A11EE101A30EE021AB0EBA3
:1010C000512F18BF002102EE101A42F2E42000FE58
:1010D000010AC0F60100B8EE422A00EB810090ED53
:1010E000011A30EE420AB7EE002A32EE402A20EE14
:1010F000010A90ED001A02EE010A704783F9223EC0
:1011000000000044000000C410B50122114602484E
:1011100004F052FD10BD00000008025810B5002276
:101120000121024804F048FD10BD000000080258EB
:1011300010B501220821024804F03EFD10BD000058
:101140000008025810B500220821024804F034FDBE
:1011500010BD00000008025810B50446FFF7DEFF7E
:10116000922000F011FA0622C249122000F0ECF998
:10117000FFF7CAFFC0480078002855D0BD48407826
:10118000000200B2BB4909780843BC49088094EDCD
:101190000C0A0846B0F9000000EE900AF8EEE00AEA
:1011A000B74890ED001A60EE810A94ED081A10EE2F
:1011B000810A84ED000AAF48C078000200B2AD4950
:1011C00089780843AD49088094ED0D0A0846B0F9C6
:1011D000000000EE900AF8EEE00AA94890ED001A2F
:1011E00060EE810A94ED081A10EE810A84ED010A7E
:1011F000A0484079000200B29E49097908439F49FE
:1012000008800846B0F9000000EE100AB8EEC00AE7
:101210009B48D0ED000A20EE200AD4ED080A20EE0B
:10122000200A84ED020A50E092484078000200B2A1
:10123000904909780843914908800846B0F90000B0
:1012400000EE100AB8EEC00A8D48D0ED000A20EE7C
:10125000200AD4ED080A20EE200A84ED000A854811
:10126000C078000200B28349897808438349088026
:101270000846B0F9000000EE100AB8EEC00A804837
:10128000D0ED000A20EE200AD4ED080A20EE200A54
:1012900084ED010A77484079000200B27549097966
:1012A0000843764908800846B0F9000000EE100AAD
:1012B000B8EEC00A7248D0ED000A20EE200AD4ED44
:1012C000080A20EE200A84ED020AFFF73BFF0822FD
:1012D0006849002000F038F9FFF72AFF65480078D8
:1012E0000F284FD164480078F0B36248C0780002FC
:1012F00000B26049897808436049088094ED090A82
:101300000846B0F9000000EE900AF8EEE00A5D48E9
:1013100090ED001A10EE810A84ED030A55484079D9
:10132000000200B25349097908435449088094EDFA
:101330000A0A0846B0F9000000EE900AF8EEE00A4A
:10134000504890ED001A10EE810A84ED040A4948D5
:10135000C079000200B247498979084347490880AB
:1013600094ED0B0A084600E00DE0B0F9000000EE35
:10137000900AF8EEE00A434890ED001A10EE810A58
:1013800084ED050A44E03B48C078000200B23949C8
:1013900089780843394908800846B0F9000000EE12
:1013A000100AB8EEC00A3748D0ED000A20EE200A35
:1013B00084ED030A2F484079000200B22D490979D3
:1013C00008432E4908800846B0F9000000EE100AD4
:1013D000B8EEC00A2B48D0ED000A20EE200A84EDBA
:1013E000040A2448C079000200B2224989790843DE
:1013F000224908800846B0F9000000EE100AB8EE55
:10140000C00A2048D0ED000A20EE200A84ED050A2B
:10141000FFF784FEA22000F0B7F80222154922202F
:1014200000F092F8FFF770FE12480078C0001149F2
:10143000497840EA6110114908800846B0F9000077
:10144000B0F5806F05DB08460088A0F5006000B2AB
:1014500008800A48B0F9000000EE100AF8EEC00A51
:10146000B4EE001AB3EE070A00EE810A84ED070A13
:1014700010BD000074000024440000247C000024FF
:10148000340000243800002470B504460D4622487C
:1014900004600020214908700EF08CF91F4909787A
:1014A00008431E4908700EF03BFA1C4909780843AE
:1014B0001A4908701DB11A4800F032F928E09FED72
:1014C000190A174880ED090A9FED170A80ED0A0AEC
:1014D0009FED160A80ED0B0A9FED150A80ED0C0AB0
:1014E0009FED140A80ED0D0A9FED130A80ED0E0AA0
:1014F0009FED120A80ED0F0A90ED0F0ADFED100A42
:1015000080EE801A80ED081A9FED0E0A80ED060A23
:101510000248007870BD0000800000243E000024D6
:10152000F4080024F0A032BAB9F3AFBAB1EFBBBAF5
:101530000B6F993E2A98933D000000007A841D416C
:10154000C3F51C410000204270B506460C46154606
:1015500046F0800000F018F806E0552000F014F87E
:101560002070641C681EC5B2002DF6D170BD70B528
:1015700004460D4644F0800000F006F8552000F0C7
:1015800003F8287070BD000001B582B04FF47A7086
:10159000012301AA02A900900348006806F0AEFEEC
:1015A0009DF804000EBD00008000002470B50546C3
:1015B0000C462846FFF7E8FF2046FFF7E5FF70BD21
:1015C000D2ED020A92ED021AB6EE000A00EEC10A4E
:1015D000D2ED030A92ED031A00EEC10AD0ED000A23
:1015E00020EE200AD2ED010A92ED021A60EE810A85
:1015F00092ED001AD2ED031A41EE610A90ED011A44
:1016000000EE810AD2ED010A92ED031A60EE810A22
:1016100092ED001AD2ED021A41EE210A90ED021A63
:1016200000EE810AF0EE000A20EE200A81ED000AA9
:1016300092ED010AD2ED020A20EE200AD2ED000A54
:1016400092ED031A00EE810AD0ED000A60EE200A46
:1016500092ED011AD2ED011AB6EE000A01EE610A0E
:10166000D2ED031A92ED032AB0EE401A01EEC21A2F
:10167000D0ED011AB0EE600A01EE210AD2ED020AA5
:1016800092ED031A60EE810A92ED001AD2ED011A72
:1016900041EE610A90ED021A00EE810AF0EE000AB6
:1016A00020EE200A81ED010A92ED010AD2ED030A33
:1016B00020EE200AD2ED000A92ED021A00EEC10AD5
:1016C000D0ED000A20EE200AD2ED020A92ED031AB4
:1016D00060EE810A92ED001AD2ED011A41EE210A64
:1016E00090ED011A00EE810A92ED011AD2ED011A75
:1016F000F6EE000A41EE610A92ED021AD2ED021AEC
:1017000041EE610A90ED021A00EE810AF0EE000A45
:1017100020EE200A81ED020A704700BFFEE70000BC
:1017200070B52DED048B88B004460020069007901C
:1017300001F09AF8FE4880ED000A00BF01F094F82D
:10174000FB48D0ED000A30EE600AF2EE040AB4EE77
:10175000E00AF1EE10FA14DD9FEDF60A84ED090AB5
:101760009FEDF50A84ED0A0A9FEDF40A84ED0B0A59
:101770009FEDF30A84ED0F0A9FEDF20A84ED060A4D
:101780005FE29FEDF10A01F02BF89FEDF00A84ED86
:101790000F0A9FEDEE0A84ED090A9FEDEC0A84ED35
:1017A0000A0A9FEDEA0A84ED0B0A002673E1FFF7AF
:1017B000B5FC9220FFF7E8FE062206A91220FFF7EB
:1017C000C3FEFFF7A1FC9DF81900000200B29DF8CE
:1017D000181040EA010500EE105AB8EEC00ADC48C5
:1017E000D0ED000A20EE200A84ED000A9DF81B00CF
:1017F000000200B29DF81A1040EA010500EE105AEE
:10180000B8EEC00AD248D0ED000A20EE200A84EDDE
:10181000010A9DF81D00000200B29DF81C1040EA6C
:10182000010500EE105AB8EEC00AC948D0ED000A12
:1018300020EE200A84ED020AD4ED000A60EEA00A30
:1018400094ED011AD4ED011A41EE210A94ED021A29
:10185000D4ED021A41EE210AB0EE600A0DF017FB3A
:10186000B0EE408A94ED0F0A30EE080A84ED0F0ABC
:10187000FFF768FC082206A90020FFF765FEFFF7C6
:1018800057FC9DF818000F2850D19DF81B0000024E
:1018900000B29DF81A1040EA010500EE105AB8EEA9
:1018A000C00AAC48D0ED000A20EE200A84ED030AFD
:1018B00094ED090AD4ED030A30EE200A84ED090AFA
:1018C0009DF81D00000200B29DF81C1040EA0105C1
:1018D00000EE105AB8EEC00A9E48D0ED000A20EE85
:1018E000200A84ED040A94ED0A0AD4ED040A30EECD
:1018F000200A84ED0A0A9DF81F00000200B29DF83C
:101900001E1040EA010500EE105AB8EEC00A9148D8
:10191000D0ED000A20EE200A84ED050A94ED0B0AB2
:10192000D4ED050A30EE200A84ED0B0A06BBF0EE7A
:10193000488AB0EE489A002017E004F10C0101EB50
:10194000800191ED000A03A901EB800181ED000AFD
:1019500004F10C0101EB800191ED000A694601EBF5
:10196000800181ED000A411CC8B20328E5DB49E093
:10197000B4EEE88AF1EE10FA01DDF0EE488AB4EE3A
:10198000C98AF1EE10FA01D2B0EE489A002037E091
:1019900004F10C0101EB800191ED000A03A901EBB8
:1019A0008001D1ED000AB4EEE00AF1EE10FA0ADD92
:1019B00004F10C0101EB800191ED000A03A901EB98
:1019C000800181ED000A04F10C0101EB800191ED31
:1019D000000A694601EB8001D1ED000AB4EEE00A8D
:1019E000F1EE10FA0AD204F10C0101EB800191ED45
:1019F000000A694601EB800181ED000A411CC8B272
:101A00000328C5DB38EEC90A534880ED000A0020E0
:101A100012E003A901EB800191ED000A694601EB98
:101A20008001D1ED000A30EE600A4C4901EB8001E3
:101A300081ED000A411CC8B20328EADB464890ED5C
:101A4000000AF6EE000AB4EEE00AF1EE10FA1BDC32
:101A5000424890ED000ADFED420AB4EEE00AF1EEF2
:101A600010FA11DC90ED010ADFED3D0AB4EEE00A58
:101A7000F1EE10FA08DC90ED020ADFED390AB4EE5F
:101A8000E00AF1EE10FA00DD0AE09FED360A00F000
:101A9000A7FE701C86B2344800888642FFF687AEE7
:101AA00000BFD4ED0F0A3048008800EE100AB8EEEF
:101AB000400A80EE801A84ED0F1A002015E004F130
:101AC000240101EB8001D1ED000A2749098800EECD
:101AD000101AB8EE400A80EE801A04F1240101EBDE
:101AE000800181ED001A411CC8B20328E7DBFFF733
:101AF00015FBA220FFF748FD022206A92220FFF7CE
:101B000023FDFFF701FB9DF81800C0009DF8191098
:101B100040EA6115B5F5806F02DBA5F5006005B2FE
:101B200000EE105AF8EEC00AB4EE001A1EE00000F3
:101B30006C000024F0A032BAB9F3AFBAB1EFBBBA6F
:101B40007A841D41000020420AD7A33B0000000018
:101B5000340000243800002440000024E808002459
:101B60009A99193E6F12033A70000024B3EE070AE7
:101B700000EE810A84ED060A7C480088401C00B211
:101B80007A4908807A4890ED000AF6EE000AB4EE31
:101B9000E00AF1EE10FA3FF7D1ADD4ED0F0A9FED58
:101BA000751A70EEC10AB0EE600A0EF0FCFEF6EE99
:101BB000000AB4EEE00AF1EE10FAECDC6E4890EDAB
:101BC000000A5FED190AB4EEE00AF1EE10FAE2DC69
:101BD00090ED010A5FED1E0AB4EEE00AF1EE10FA94
:101BE000D9DC90ED020A5FED220AB4EEE00AF1EED4
:101BF00010FAD0DCD4ED090AB0EE600A0EF0D3FE84
:101C0000DFED5E0AB4EEE00AF1EE10FAC3DCD4EDCB
:101C10000A0AB0EE600A0EF0C6FEDFED580AB4EE16
:101C2000E00AF1EE10FAB6DCD4ED0B0AB0EE600A71
:101C30000EF0B9FEDFED510AB4EEE00AF1EE10FA53
:101C4000A9DC00BF94ED0F0ADFED4D0A80EE801A8B
:101C500084ED081A002680E0FFF760FA9220FFF773
:101C600093FC062206A91220FFF76EFCFFF74CFA40
:101C70009DF81900000200B29DF8181040EA010515
:101C800000EE105AB8EEC00A3E48D0ED000A20EE31
:101C9000200AD4ED080A20EE200A84ED000A94ED13
:101CA0000C0ADFED390A20EE200AD4ED000A9FED80
:101CB000371A00EE810A84ED0C0A9DF81B00000221
:101CC00000B29DF81A1040EA010500EE105AB8EE75
:101CD000C00A2C48D0ED000A20EE200AD4ED080AF4
:101CE00020EE200A84ED010A94ED0D0ADFED260AAC
:101CF00020EE200AD4ED010A9FED241A00EE810A9D
:101D000084ED0D0A9DF81D00000200B29DF81C1024
:101D100040EA010500EE105AB8EEC00A1948D0EDAD
:101D2000000A20EE200AD4ED080A20EE200A84EDF5
:101D3000020A94ED0E0ADFED140A20EE200AD4ED1B
:101D4000020A9FED121A00EE810A84ED0E0A1FEDC1
:101D50007B0A00F045FD701C86B20D480088864263
:101D6000FFF67AAF08B0BDEC048B70BD46000024CE
:101D700040000024CDCC1C41E80800240AD7233CB5
:101D8000C3F51C4134000024CDCC4C3FCDCC4C3E9F
:101D90007200002400BF00F04DF8FCE72DE9F0418F
:101DA00004460D4616460022062104F180000EF07E
:101DB000BBFE0022082104F1C0000EF0B5FE002297
:101DC0004FF4007104F5A2700FF0FCFE28460CF0F1
:101DD000EBFCDFED140A9FED140A144A0021304693
:101DE0000AF0E8F900270AE0B4F8C020C420015B3B
:101DF0000F480EF0B7FD01200FF06AF97F1C0A2F83
:101E0000F2DB00270AE0B4F880208420015B084858
:101E10000EF0A8FD01200FF05BF97F1C0A2FF2DB0A
:101E2000BDE8F081000000000000B4422C2201084F
:101E30008C04002408B502E001200FF049F95B484A
:101E400090F8AC000028F7D0594A5A495A48FFF791
:101E5000A5FFAAE0554A574957480EF037F95448AC
:101E6000564B524A5349009053480DF031FE5248A8
:101E700090F80002012853D14F4890F84001012802
:101E80004ED14D4890F88401D8B34B4890F82802C1
:101E9000B8BB484890ED220AB0EE402A4648B0F858
:101EA000C410DFED471A9FED461ADFED450A9FED9E
:101EB000440A44480FF01EF8434800680FF008F940
:101EC0003C4890ED210AB0EE402A3B48B0F884101F
:101ED000DFED3B1A9FED3A1ADFED390A9FED380A24
:101EE00038480FF007F8384800680FF0F1F832482A
:101EF00090ED520AB0EE402AB0F84C11DFED301AE6
:101F000000E00DE09FED2E1ADFED2D0A9FED2C0A6B
:101F10002C480FF06FF82C4800680FF0D9F844E017
:101F2000254890F8000220B1234890F828020128A3
:101F30003BD12148B0F8C4109FED212ADFED201AD3
:101F40009FED1F1ADFED1E0A9FED1D0A1D480EF0C2
:101F5000D1FF1D4800680FF0BBF81748B0F8841097
:101F60009FED172ADFED161A9FED151ADFED140A03
:101F70009FED130A13480EF0BDFF134800680FF0E1
:101F8000A7F80D48B0F84C119FED0D2ADFED0C1AA3
:101F90009FED0B1ADFED0A0A9FED090A09480FF0C1
:101FA00029F8094800680FF093F853E708870024E0
:101FB00090860024C88500241C890024DC010024AC
:101FC000000000008C0400240C02002400BF00F07C
:101FD0004BF8FCE72DE9F04104460D461646002279
:101FE000062120460EF0A0FD0022082104F1400049
:101FF0000EF09AFD00224FF4007104F580700FF08E
:10200000E1FD28460CF0D0FBDFED130A9FED130A2B
:10201000134A002130460AF0CDF800270AE0B4F850
:1020200040204420015B0F480EF09CFC01200FF083
:102030004FF87F1C0A2FF2DB002708E02288A188D6
:1020400008480EF08FFC01200FF042F87F1C0A2F89
:10205000F4DBBDE8F0810000000000000000B442A5
:102060005C220108EC03002408B502E001200FF017
:102070002FF85D4890F8AC000028F7D05B4A5C4927
:102080005C48FFF7A7FF5C4A5C495D480AF0C2F86C
:10209000A8E0554A564957480EF098FB5348594B0B
:1020A000514A5349009053480EF03EF8514890F879
:1020B0000002012852D14F4890F8400101284DD12B
:1020C0004C4890F88401D0B34A4890F82802B0BB3D
:1020D000474890ED220AB0EE402A4648B0F8441036
:1020E000DFED491A9FED481ADFED470A9FED460ADA
:1020F00046480EF0FFFE464800680EF0E9FF3C48F7
:1021000090ED210AB0EE402A3A488188DFED3E1A70
:102110009FED3D1ADFED3C0A9FED3B0A3B480EF078
:10212000E9FE3B4800680EF0D3FF324890ED410ACB
:10213000B0EE402AB0F80811DFED331A00E00DE0F0
:102140009FED311ADFED300A9FED2F0A2F480EF078
:1021500051FF2F4800680EF0BBFF43E0254890F880
:10216000000220B1234890F8280201283AD12148E2
:10217000B0F844109FED242ADFED231A9FED221AB8
:10218000DFED210A9FED200A20480EF0B3FE204823
:1021900000680EF09DFF174881889FED1B2ADFED38
:1021A0001A1A9FED191ADFED180A9FED170A174842
:1021B0000EF0A0FE164800680EF08AFF0D48B0F839
:1021C00008119FED112ADFED101A9FED0F1ADFEDB8
:1021D0000E0A9FED0D0A0D480EF00CFF0C4800682A
:1021E0000EF076FF55E70000088700244C8B002492
:1021F000548800241C890024248C0024DC8B0024B7
:10220000948B00243802002400000000EC0300241A
:102210002C03002410B5024801F0CAFA10BD0000DA
:102220005406002410B5024801F0C2FA10BD0000A7
:10223000CC06002410B5024801F0BAFA10BD000027
:10224000240800240146374A0868904249D0354A9C
:1022500018320868904244D0324A303208689042BE
:102260003FD0304A4832086890423AD02D4A603216
:102270000868904235D02B4A78320868904230D0B6
:10228000284A9032086890422BD0264AA832086823
:10229000904226D0244A0868904222D0224A18321E
:1022A000086890421DD0204A30320868904218D009
:1022B0001D4A48320868904213D01B4A60320868B1
:1022C00090420ED0184A78320868904209D0164AD7
:1022D00090320868904204D0134AA83208689042AD
:1022E00001D1012000E00020B0B10A78103A182393
:1022F000B2FBF3F000F007020C4B9A5CCA650328AE
:1023000005D90A686FF30902121D8A6503E00A689D
:102310006FF309028A6503E0086820F0FF00886512
:10232000886D70471000024010040240002101082F
:1023300010B502682B4C0368A34222D0294C1434F8
:102340000368A3421DD0274C28340368A34218D049
:10235000244C3C340368A34213D0224C503403680D
:10236000A3420ED01F4C64340368A34209D01D4C15
:1023700078340368A34204D01A4C8C340368A34217
:1023800001D1012300E000238BB10378083B142422
:10239000B3FBF4F1144B03EB81030366124B803360
:1023A000436601F01F040123A340836618E003780D
:1023B000103B1824B3FBF4F10C4B9A4204D80B4B9E
:1023C000A83B9A4200D30831094B03EB8103036613
:1023D000074B8033436601F01F040123A34083664B
:1023E00010BD00000854025800580258B8040240BA
:1023F000000802400179A9B3082940D8204B02689F
:102400009A4222D01E4B143302689A421DD01C4BB4
:10241000283302689A4218D0194B3C3302689A421A
:1024200013D0174B503302689A420ED0144B6433CA
:1024300002689A4209D0124B783302689A4204D05B
:102440000F4B8C3302689A4201D1012200E0002236
:102450004AB14A1E0B4B03EB8202C266094A403264
:10246000026708E00BE04A1E074B03EB8202C266DC
:10247000054A403202674A1E012393404367704772
:102480000854025800590258000902400146002031
:102490008A69D2B98A6A32B1012A0DD0022A03D0E0
:1024A000032A10D10EE000BFCA6A02F08072B2F1B6
:1024B000807F00D1012007E0CA6AB2F1C07F00D15D
:1024C000012001E000E000BF36E08A69B2F5005F5C
:1024D0001BD18A6A32B1012A07D0022A03D0032A0B
:1024E00011D10AE000BF01200EE0CA6A02F080723A
:1024F000B2F1807F00D1012006E0CA6AB2F1C07F4C
:1025000000D1012000E000BF16E08A6A32B1012A42
:1025100005D0022A04D0032A0CD103E000BF00BF7B
:10252000012008E0CA6A02F08072B2F1807F00D117
:10253000012000E000BF00BF70470000F0B5856DCE
:10254000846D984F0668BE4270D0964F1837066863
:10255000BE426BD0934F30370668BE4266D0914F73
:1025600048370668BE4261D08E4F60370668BE426B
:102570005CD08C4F78370668BE4257D0894F903771
:102580000668BE4252D0874FA8370668BE424DD07B
:10259000854F0668BE4249D0834F18370668BE4251
:1025A00044D0814F30370668BE423FD07E4F483717
:1025B0000668BE423AD07C4F60370668BE4235D0CE
:1025C000794F78370668BE4230D0774F903706682B
:1025D000BE422BD0744FA8370668BE4226D0734F38
:1025E0000668BE4222D0714F14370668BE421DD025
:1025F0006E4F28370668BE4218D06C4F3C370668CD
:10260000BE4213D0694F50370668BE420ED0674FA6
:1026100064370668BE4209D0644F78370668BE4208
:1026200004D0624F8C370668BE4201D1012600E01B
:1026300000263EB1D0E919767E60C66E16B1D0E9AB
:102640001C767E60574F0668BE4249D0554F1837FA
:102650000668BE4244D0534F30370668BE423FD072
:10266000504F48370668BE423AD04E4F6037066832
:10267000BE4235D04B4F78370668BE4230D0494F06
:1026800090370668BE422BD0464FA8370668BE4238
:1026900026D0454F0668BE4222D0434F1837066801
:1026A000BE421DD0404F30370668BE4218D03E4F64
:1026B00048370668BE4213D03B4F60370668BE42BB
:1026C0000ED0394F78370668BE4209D0364F903762
:1026D0000668BE4204D0344FA8370668BE4201D116
:1026E000012600E00026DEB190F85C6006F01F07CE
:1026F0003F26BE40AE600668366826F4802607682E
:102700003E60066873608668402E04D10668B26039
:102710000668F16044E00668B1600668F2603FE078
:10272000224F0668BE4222D0204F14370668BE42B0
:102730001DD01E4F28370668BE4218D01B4F3C37AD
:102740000668BE4213D0194F50370668BE420ED0FD
:10275000164F64370668BE4209D0144F78370668B2
:10276000BE4204D0114F8C370668BE4201D101260B
:1027700000E00026A6B190F85C6006F01F07012675
:10278000BE406660066873608668402E04D10668A5
:10279000B2600668F16003E00668B1600668F26046
:1027A000F0BD00001000024010040240085402581E
:1027B00008B50848406800900749009809688842B1
:1027C00004D206480068401C044908600249009889
:1027D000086008BD001000E0C0030024BC03002412
:1027E0000C494868F0EE400A00BF0A494968091AD6
:1027F00001EE101AF8EE411A074991ED001AB8EEF1
:10280000411A20EE811AF4EEC11AF1EE10FAECD35F
:1028100070470000001000E0B003002410B52DED5B
:10282000028B82B004460E484068019020680199EE
:10283000081A00EE100AF8EE400A0A4890ED000A65
:10284000B8EE400A80EE801AB0EE418A019820600E
:10285000FFF7AEFFB0EE480A02B0BDEC028B10BD30
:10286000001000E0B003002410B52DED028B00F045
:1028700059F80F4890ED000AB8EE400A808800EE43
:10288000900AF8EE600A9FED0B1A00EE810A0848E4
:10289000C08800EE900AF8EE600A9FED071A00EE7D
:1028A000810AB0EE408AB0EE480ABDEC028B10BD42
:1028B000A80300246F12833ABD3786351249096890
:1028C00041F08071104A11600021104A5160114698
:1028D000096841F0010111600D4941430D4A116041
:1028E000114609684FF47A72B1FBF2F10A4A11609D
:1028F00008490968064AB1FBF2F1084A1160002153
:10290000074A116070470000FCED00E0001000E095
:1029100040420F00B0030024B4030024B803002495
:10292000BC03002438B5294840680090FFF740FFF9
:10293000274800684FF0FF31A0FB013100981818BC
:1029400041F10001234A03C22348002321490268C0
:1029500003C9FDF739FD214A03C220480CC81E48AF
:1029600000680024A2FB001503FB005002FB0402D8
:102970001848D0E90030591A60EB0200184AC2E941
:1029800000101648006817490860174800231449CA
:10299000026803C9FDF718FD12498880084680883F
:1029A0001149096841430E48D0E90030591A60F1D5
:1029B00000000E4AC2E900100D4800230B490268CE
:1029C00003C9FDF701FD0749C88038BD001000E0CC
:1029D000BC030024C8030024B0030024D003002457
:1029E000D8030024A8030024B4030024E003002437
:1029F000B80300247047D2ED020A92ED021AB6EE37
:102A0000000A00EEC10AD2ED030A92ED031A00EEAD
:102A1000C10AD0ED000A20EE200AD2ED010A92EDA3
:102A2000021A60EE810A92ED001AD2ED031A41EE0D
:102A3000210A90ED011A00EE810AD2ED010A92ED11
:102A4000031A60EE810A92ED001AD2ED021A41EEED
:102A5000610A90ED021A00EE810AF0EE000A20EE03
:102A6000200A81ED000A92ED010AD2ED020A20EE61
:102A7000200AD2ED000A92ED031A00EEC10AD0ED51
:102A8000000A60EE200A92ED011AD2ED011AB6EEAC
:102A9000000A01EE610AD2ED031A92ED032AB0EEAC
:102AA000401A01EEC21AD0ED011AB0EE600A01EE32
:102AB000210AD2ED020A92ED031A60EE810A92ED2C
:102AC000001AD2ED011A41EE210A90ED021A00EE31
:102AD000810AF0EE000A20EE200A81ED010A92ED53
:102AE000010AD2ED030A20EE200AD2ED000A92ED8F
:102AF000021A00EE810AD0ED000A20EE200AD2ED83
:102B0000020A92ED031A60EE810A92ED001AD2EDEC
:102B1000011A41EE610A90ED011A00EE810A92ED70
:102B2000011AD2ED011AF6EE000A41EE610A92EDA9
:102B3000021AD2ED021A41EE610A90ED021A00EE7D
:102B4000810AF0EE000A20EE200A81ED020A7047A9
:102B500072B600BFFEE7000000B589B0002001900A
:102B6000029002200390012004900020059006901E
:102B700001A9104802F0C3F808B1FFF7E9FF0020EF
:102B800003460222114600900A4802F00CF908B1EF
:102B9000FFF7DEFF00220121064802F013F808B11A
:102BA000FFF7D6FF034802F0EBFE08B1FFF7D0FFB6
:102BB00009B000BDEC03002410B5024802F00CFA85
:102BC00010BD0000EC03002400B589B00020019086
:102BD00001200290022003900490002005900690AE
:102BE00001A9104802F08BF808B1FFF7B1FF0020EF
:102BF00003460222114600900A4802F0D4F808B1B8
:102C0000FFF7A6FF00221021064801F0DBFF08B104
:102C1000FFF79EFF034802F0B3FE08B1FFF798FFED
:102C200009B000BD8C04002410B5024802F0D4F9AC
:102C300010BD00008C04002410B5024802F0CCF94D
:102C400010BD00002C05002410B501464A6B086831
:102C5000D0F884004FF6FC74A04340EA82000C6870
:102C6000C4F884000868D0F8840020F47F04088F3A
:102C700044EA00400C68C4F88400886B0244086889
:102C8000D0F888004FF6FC74A04340EA82000C683C
:102C9000C4F888000868D0F8880020F4FE04888F03
:102CA00044EA00400C68C4F88800C86B02EB40029C
:102CB0000868D0F8A0004FF6FC74A04340EA8200F8
:102CC0000C68C4F8A0000868D0F8A00020F4FE0446
:102CD0004020405A44EA00400C68C4F8A000D1E902
:102CE000104004FB00220868D0F8B0004FF6FC74D6
:102CF000A04340EA82000C68C4F8B0000868D0F82D
:102D0000B00020F4FE04B1F8480044EA00400C682A
:102D1000C4F8B000D1E9124004FB00220868D0F8E2
:102D2000AC004FF6FC74A04340EA82000C68C4F883
:102D3000AC00D1E9144004FB00220868D0F8F00090
:102D40004FF6FC74A04340EA82000C68C4F8F0001F
:102D50000868D0F8F00020F47C14B1F8580044EA78
:102D600000400C68C4F8F000886D02EB400208686F
:102D7000D0F8C0004FF6FC74A04340EA82000C6813
:102D8000C4F8C0000868D0F8C00020F47C14B1F882
:102D90005C0044EA00400C68C4F8C0000868D0F841
:102DA000C00020F07C5491F8600044EA00600C6898
:102DB000C4F8C0002A4C486B04EB8000C866CC6E97
:102DC000886B04EB80040C670C6FC86B04EBC004C9
:102DD0004C67D1E9100460434C6F04EB80048C67AE
:102DE000D1E9120460438C6F04EB8004CC67D1E915
:102DF00014046043CC6F04EB80048020445044589A
:102E0000886D04EBC004842044508C6EC86D604310
:102E10008424645804EB8004882044508C6E086E2F
:102E200060438824645804EB800490204450405848
:102E30000C4CA04209D99831486840F02000486005
:102E4000032001F89809012010BDCB6E02E000209C
:102E500018601B1D902040589842F8D80020F3E7D6
:102E600000AC0040FCD300402DE9F041054614467B
:102E70001E46D1F804C0BCF1000F0AD1D1F810C031
:102E8000D1F808804CEA080CB1F800804CEA88437D
:102E90000BE0D1F810C04CF0804CD1F808804CEA1F
:102EA000080CD1F800804CEA080391F82080D1F892
:102EB0001CC04CEA086CD1F818804CEA080CD1F818
:102EC00014804CEA080CD1F80C804CEA0807D5F8BD
:102ED00068C00CFB06FCD5F8848008EB8C021360FC
:102EE000121D1760121D002019E000F1030C14F8E8
:102EF0000CC04FEA0C6800F1020C14F80CC048EA50
:102F00000C4800F1010C14F80CC048EA0C2C14F821
:102F100000804CEA080CC2F800C0121D001DDFF84A
:102F20001880D1F80CC008EB1C4C9CF800C08445FC
:102F3000DBD8BDE8F0810000082101082DE9F0414F
:102F4000044602F03FFE804614B90120BDE8F0813E
:102F500094F83500022808D08020606500BF00206A
:102F600084F8340000BF0120F0E7FE492068884261
:102F700049D0FC4918312068884244D0F9493031A1
:102F8000206888423FD0F7494831206888423AD0CB
:102F9000F44960312068884235D0F24978312068A0
:102FA000884230D0EF499031206888422BD0ED49DB
:102FB000A8312068884226D0EB492068884222D078
:102FC000E9491831206888421DD0E749303120682E
:102FD000884218D0E44948312068884213D0E24939
:102FE0006031206888420ED0DF49783120688842FD
:102FF00009D0DD4990312068884204D0DA49A831EF
:103000002068884201D1012000E0002068B12068DA
:10301000006820F01E00216808602068406920F0E8
:10302000800021684861256806E02068006820F07B
:103030000E00216808602568CA492068884270D05F
:10304000C8491831206888426BD0C64930312068A1
:10305000884266D0C34948312068884261D0C1495E
:103060006031206888425CD0BE497831206888424F
:1030700057D0BC4990312068884252D0B949A83114
:10308000206888424DD0B8492068884249D0B64966
:1030900018312068884244D0B349303120688842D2
:1030A0003FD0B1494831206888423AD0AE496031BA
:1030B0002068884235D0AC4978312068884230D0C9
:1030C000A9499031206888422BD0A749A8312068AF
:1030D000884226D0A5492068884222D0A3491431CD
:1030E000206888421DD0A14928312068884218D024
:1030F0009E493C312068884213D09C495031206859
:1031000088420ED0994964312068884209D0974995
:1031100078312068884204D094498C3120688842F4
:1031200001D1012000E0002028B1206E006820F4C9
:103130008070216E08608B492068884249D0894997
:1031400018312068884244D086493031206888424E
:103150003FD084494831206888423AD08149603163
:103160002068884235D07F4978312068884230D045
:103170007C499031206888422BD07A49A831206858
:10318000884226D078492068884222D07649183172
:10319000206888421DD0744930312068884218D098
:1031A000714948312068884213D06F4960312068E6
:1031B00088420ED06C4978312068884209D06A492B
:1031C00090312068884204D06749A831206888423D
:1031D00006D12068006820F001002168086005E041
:1031E0002068006820F001002168086011E002F00A
:1031F000E9FCA0EB080005280BD92020606503201E
:1032000084F8350000BF002084F8340000BF01209E
:103210009CE6286800F001000028E8D151492068A8
:10322000884249D04F4918312068884244D04D49DE
:103230003031206888423FD04A494831206888426E
:103240003AD0484960312068884235D045497831C4
:103250002068884230D043499031206888422BD082
:103260004049A8312068884226D03F4920688842DA
:1032700022D03D491831206888421DD03A4930316A
:103280002068884218D0384948312068884213D0D5
:1032900035496031206888420ED033497831206842
:1032A000884209D0304990312068884204D02E49A4
:1032B000A8312068884201D1012000E0002040B1FF
:1032C000A66D94F85C0000F01F013F208840B060BC
:1032D00007E0A76D94F85C0000F01F010120884012
:1032E000786020492068884276D01E4918312068CD
:1032F000884271D01B493031206888426CD019490E
:1033000048312068884267D0164960312068884279
:1033100062D014497831206888425DD011499031DB
:103320002068884258D00F49A8312068884253D07D
:103330000D49206888424FD00B49183120688842D7
:103340004AD0094930312068884245D00649483181
:103350002068884240D004496031206888423BD0D0
:10336000014905E0100002401004024008540258D0
:103370007831206888422FD02549206888422BD098
:10338000234918312068884226D022492068884283
:1033900022D020491431206888421DD01D4928318F
:1033A0002068884218D01B493C312068884213D0DD
:1033B00018495031206888420ED01649643120687F
:1033C000884209D0134978312068884204D01149D5
:1033D0008C312068884201D1012000E0002068B1D2
:1033E000D4E919104860E06E40B1E06E006820F446
:1033F0008070E16E0860D4E91C104860012084F8F8
:10340000350000BF002084F8340000BF00BF9DE5F8
:10341000A00402400854025870B504460CB90120BB
:1034200070BD94F83500022803D08020606501202B
:10343000F6E7DC492068884249D0DA49183120682B
:10344000884244D0D7493031206888423FD0D5499E
:103450004831206888423AD0D24960312068884299
:1034600035D0D04978312068884230D0CD4990316C
:10347000206888422BD0CB49A8312068884226D0CA
:10348000C9492068884222D0C7491831206888423B
:103490001DD0C54930312068884218D0C249483112
:1034A0002068884213D0C0496031206888420ED01D
:1034B000BD4978312068884209D0BB4990312068E5
:1034C000884204D0B849A8312068884201D101203F
:1034D00000E00020F0B3042084F83500B1492068F2
:1034E00088424BD0AF4918312068884246D0AD4958
:1034F00030312068884241D0AA494831206888424A
:103500003CD0A84960312068884237D0A54978313D
:103510002068884232D0A3499031206888422DD05B
:10352000A049A8312068884228D09F492068884255
:1035300024D09D491831206888421FD09A493031E3
:10354000206888421AD0984948312068884215D0AE
:10355000954900E020E06031206888420ED0924911
:1035600078312068884209D08F499031206888429C
:1035700004D08D49A8312068884206D120680068AF
:1035800020F001002168086009E12068006820F04F
:1035900001002168086002E12068006820F00E0048
:1035A000216808607F492068884249D07D491831E8
:1035B0002068884244D07B493031206888423FD01F
:1035C00078494831206888423AD07649603120688D
:1035D000884235D0734978312068884230D07149AB
:1035E0009031206888422BD06E49A83120688842EB
:1035F00026D06D492068884222D06B491831206856
:1036000088421DD0684930312068884218D0664908
:1036100048312068884213D063496031206888426D
:103620000ED0614978312068884209D05E499031D6
:103630002068884204D05C49A8312068884206D1BD
:103640002068006820F001002168086005E020681B
:10365000006820F001002168086052492068884213
:1036600070D050491831206888426BD04D493031B4
:103670002068884266D04B4948312068884261D032
:1036800048496031206888425CD0464978312068DA
:10369000884257D0434990312068884252D04149EE
:1036A000A831206888424DD03F492068884249D0DF
:1036B0003D4918312068884244D03B493031206868
:1036C00088423FD038494831206888423AD036494C
:1036D00060312068884235D033497831206888428B
:1036E00030D031499031206888422BD02E49A83102
:1036F0002068884226D02D492068884222D02B4954
:103700001431206888421DD0284928312068884219
:1037100018D026493C312068884213D023495031C3
:10372000206888420ED0214964312068884209D03F
:103730001E4978312068884204D01C498C312068A9
:10374000884201D1012000E00020D8B1206E00683D
:1037500020F48070216E0860A56D94F85C0000F084
:103760001F01012088406860D4E919104860E06EAC
:1037700040B1E06E006820F48070E16E0860D4E92A
:103780001C104860012084F8350000BF002084F838
:10379000340000BF206D10B12046216D8847002005
:1037A0003EE6000010000240100402400854025897
:1037B0002DE9F84F044600200090FE4800684FF4C1
:1037C0001651B0FBF1FAA66DD4F858803768D8F8D6
:1037D0000090F9492068884249D0F749183120689B
:1037E000884244D0F4493031206888423FD0F249C1
:1037F0004831206888423AD0EF49603120688842D9
:1038000035D0ED4978312068884230D0EA4990318E
:10381000206888422BD0E849A8312068884226D009
:10382000E6492068884222D0E4491831206888425D
:103830001DD0E24930312068884218D0DF49483134
:103840002068884213D0DD496031206888420ED05C
:10385000DA4978312068884209D0D8499031206807
:10386000884204D0D549A8312068884201D101207E
:1038700000E0002000287DD094F85C0000F01F01DB
:10388000082088403840002868D0CB49206888420A
:1038900049D0C94918312068884244D0C6493031DE
:1038A000206888423FD0C4494831206888423AD0D5
:1038B000C14960312068884235D0BF4978312068DD
:1038C000884230D0BC499031206888422BD0BA4918
:1038D000A8312068884226D0B8492068884222D082
:1038E000B6491831206888421DD0B449303120686B
:1038F000884218D0B14948312068884213D0AF4976
:103900006031206888420ED0AC4978312068884206
:1039100009D0AA4990312068884204D0A749A8312B
:103920002068884204D12068006800F0040003E0A9
:103930002068006800F0080080B12068006820F06E
:1039400004002168086094F85C0000F01F01082062
:103950008840B060606D40F00100606594F85C00E4
:1039600000F01F01012088403840E8B392492068E8
:10397000884200E0B7E24BD08F4918312068884276
:1039800046D08D4930312068884241D08A4948313B
:10399000206888423CD0884960312068884237D00E
:1039A000854978312068884232D083499031206837
:1039B00088422DD08049A8312068884228D07F498C
:1039C0002068884224D07D491831206888421FD061
:1039D0007A493031206888421AD0784948312068C5
:1039E000884215D0754900E026E0603120688842A1
:1039F0000ED0724978312068884209D06F499031E1
:103A00002068884204D06D49A8312068884204D1DA
:103A10002068406900F0800002E020680068002013
:103A200050B194F85C0000F01F0101208840B060A4
:103A3000606D40F00200606594F85C0000F01F01CA
:103A4000042088403840E8B35B49206888424BD066
:103A5000594918312068884246D05749303120688A
:103A6000884241D054494831206888423CD052496C
:103A700060312068884237D04F49783120688842C9
:103A800032D04D499031206888422DD04A49A83122
:103A90002068884228D049492068884224D0474974
:103AA0001831206888421FD044493031206888424C
:103AB0001AD0424948312068884215D03F496031C8
:103AC000206800E024E088420ED03C49783120682C
:103AD000884209D0394990312068884204D037495A
:103AE000A8312068884204D12068006800F00200F4
:103AF00002E020680068002050B194F85C0000F0FB
:103B00001F0104208840B060606D40F004006065D3
:103B100094F85C0000F01F01102088403840E8B3A2
:103B200025492068884251D02349183120688842AD
:103B30004CD0214930312068884247D01E49483155
:103B40002068884242D01C496031206888423DD0BC
:103B5000194978312068884238D017499031206857
:103B6000884233D01449A831206888422ED01349A6
:103B7000206888422AD0114918312068884225D00F
:103B80000E4930312068884220D00C4948312068E5
:103B900088421BD009496031206800E04DE088422E
:103BA00014D006497831206888420FD003499031FB
:103BB000206805E02C0000241000024010040240A0
:103BC000884203D0FE492068884204D120680068FA
:103BD00000F0080003E02068006800F0040060B313
:103BE00094F85C0000F01F0110208840B06020684D
:103BF000006800F4802080B12068006800F4002094
:103C000028B9206CC8B12046216C884715E0A06C0B
:103C100098B12046A16C88470FE02068006800F446
:103C2000807028B92068006820F0080021680860CA
:103C3000206C10B12046216C884794F85C0000F09D
:103C40001F0120208840384000287DD0DD492068B1
:103C5000884249D0DB4918312068884244D0D9498C
:103C60003031206888423FD0D649483120688842A8
:103C70003AD0D44960312068884235D0D149783172
:103C80002068884230D0CF499031206888422BD0BC
:103C9000CC49A8312068884226D0C949A839206873
:103CA000884221D0C6499039206888421CD0C44936
:103CB00078392068884217D0C14960392068884225
:103CC00012D0BF494839206888420DD0BC493039EC
:103CD0002068884208D0BA4918392068884203D041
:103CE000B7492068884204D12068006800F01000BD
:103CF00003E02068006800F0020028B394F85C003C
:103D000000F01F0120208840B06094F8350004289E
:103D10002DD12068006820F0160021680860206816
:103D2000406920F0800021684861206C08B9A06CCF
:103D300028B12068006820F008002168086094F825
:103D40005C0000F01F0100E03FE03F208840B060D1
:103D5000012084F8350000BF002084F8340000BF43
:103D6000206D10B12046216D8847BDE8F88F20688E
:103D7000006800F4802080B12068006800F4002012
:103D800028B9606C08B32046616C88471DE0E06B81
:103D9000D8B12046E16B884717E02068006800F43E
:103DA000807068B92068006820F010002168086001
:103DB000012084F8350000BF002084F8340000BFE3
:103DC000E06B10B12046E16B8847606D00287AD027
:103DD000606D00F00100E8B3042084F835007949F3
:103DE000206888424BD0774918312068884246D0F5
:103DF000744930312068884241D072494831206886
:103E000088423CD06F4960312068884237D06D4984
:103E100078312068884232D06A49903120688842DF
:103E20002DD06849A8312068884228D06449A83933
:103E30002068884223D062499039206888421ED089
:103E40005F4978392068884219D05D496039206817
:103E5000884200E040E012D0594948392068884241
:103E60000DD0574930392068884208D05449183954
:103E70002068884203D052492068884206D12068D1
:103E8000006820F001002168086005E020680068F3
:103E900020F001002168086000BF0098401C0090DD
:103EA000504500D905E02068006800F001000028B6
:103EB000F3D100BF2068006800F0010020B10320AA
:103EC00084F8350003E00DE0012084F8350000BFE0
:103ED000002084F8340000BFE06C002802D02046A7
:103EE000E16C8847D9E138492068884222D03649B8
:103EF0001431206888421DD0334928312068884217
:103F000018D031493C312068884213D02E495031B5
:103F1000206888420ED02C4964312068884209D03C
:103F2000294978312068884204D027498C3120689B
:103F3000884201D1012000E000200028D2D0206872
:103F4000056894F85C0000F01F010420884000EA36
:103F50000900D8B305F00400C0B394F85C0000F089
:103F60001F0104208840C8F8040005F4004080B117
:103F700005F4803030B9A06C0028B3D02046A16C85
:103F800088478AE1206C0028ACD02046216C884705
:103F900083E105F02000E8BB0A492068884253D03D
:103FA00008491831206888424ED0064930312068CF
:103FB000884249D0034948312068884244D006E00D
:103FC000B804024010000240085402584FE0B449BF
:103FD00060312068884237D0B14978312068884202
:103FE00032D0AF499031206888422DD0AC49A831F9
:103FF0002068884228D0AB492068884224D0A9494B
:104000001831206888421FD0A64930312068884284
:104010001AD000E025E0A34948312068884213D037
:10402000A0496031206888420ED09E4978312068CE
:10403000884209D09B4990312068884204D0994930
:10404000A8312068884206D12068006820F0080066
:104050002168086005E02068006820F004002168FD
:104060000860206C10B32046216C884715E194F855
:104070005C0000F01F010220884000EA0900E8B35C
:1040800005F00200D0B394F85C0000F01F0102209C
:104090008840C8F8040005F4004070B105F4803091
:1040A00028B9606C10B12046616C8847F5E0E06B80
:1040B000F0B32046E16B8847EFE005F02000C0BB7D
:1040C0007749206888424ED0754918312068884267
:1040D00049D0734930312068884244D07049483112
:1040E000206888423FD06E496031206888423AD0CB
:1040F0006B4978312068884235D000E04EE068494D
:104100009031206888422ED06549A83120688842C5
:1041100029D064492068884225D062491831206836
:10412000884220D05F493031206888421BD001E0AE
:104130006EE02DE05B4948312068884213D0594930
:104140006031206888420ED0564978312068884214
:1041500009D0544990312068884204D05149A8318F
:104160002068884206D12068006820F01400216889
:10417000086005E02068006820F00A0021680860F7
:10418000012084F8350000BF002084F8340000BF0F
:10419000E06BE8B32046E16B88477EE094F85C0072
:1041A00000F01F010820884000EA090080B305F0F4
:1041B000080068B33A49206888424BD03849183122
:1041C0002068884246D0364930312068884241D044
:1041D00033494831206888423CD0314960312068F9
:1041E000884237D02E4978312068884232D02C4915
:1041F0009031206888422DD02949A8312068884212
:1042000028D028492068884224D02649183100E067
:1042100043E0206888421DD022493031206888421E
:1042200018D0204948312068884213D01D49603198
:10423000206888420ED01B4978312068884209D016
:10424000184990312068884204D01649A831206866
:10425000884206D12068006820F01C0021680860B0
:1042600005E02068006820F00E002168086094F8DE
:104270005C0000F01F0101208840C8F80400012004
:10428000606584F8350000BF002084F8340000BF6A
:10429000E06C10B12046E16C884700BF65E5000086
:1042A00010000240100402402DE9F041044601F0E4
:1042B00089FC804614B90120BDE8F081FE492068E0
:1042C000884249D0FC4918312068884244D0FA49D4
:1042D0003031206888423FD0F74948312068884211
:1042E0003AD0F54960312068884235D0F2497831BA
:1042F0002068884230D0F0499031206888422BD025
:10430000ED49A8312068884226D0EC4920688842CF
:1043100022D0EA491831206888421DD0E74930315F
:104320002068884218D0E54948312068884213D077
:10433000E2496031206888420ED0E0497831206837
:10434000884209D0DD4990312068884204D0DB4999
:10435000A8312068884201D1012000E00020002817
:1043600073D0606A00B100BF022084F8350000BF3E
:10437000002084F8340000BFCF492068884249D02B
:10438000CD4918312068884244D0CB49303120686B
:1043900088423FD0C8494831206888423AD0C6494F
:1043A00060312068884235D0C3497831206888421E
:1043B00030D0C1499031206888422BD0BE49A83105
:1043C0002068884226D0BD492068884222D0BB4957
:1043D0001831206888421DD0B849303120688842A1
:1043E00018D0B64948312068884213D0B3496031AB
:1043F000206888420ED0B14978312068884209D0BF
:10440000AE4990312068884204D0AC49A831206878
:10441000884206D12068006820F001002168086009
:1044200005E02068006820F00100216808600DE0C8
:1044300001F0C8FBA0EB0800052807D92020606523
:10444000032084F83500012036E769E02068006821
:1044500000F001000028EBD120680568984805406D
:10446000D4E9020108432169084361690843A1694D
:104470000843E1690843216A08430543606A042848
:1044800003D1D4E90B01084305436068292802D30E
:1044900060682E2817D960683F2802D360684228D8
:1044A00011D96068472802D3606848280BD9606832
:1044B0004F2802D36068522805D96068742804D355
:1044C0006068772801D8012000E0002008B145F499
:1044D0008015206805602068456925F00705606A39
:1044E0000543606A04280DD1A06A0543E06A48B11B
:1044F0002046FDF7CBFF28B140206065012084F8FD
:104500003500D9E6206845612046FDF79BFE06464A
:1045100094F85C0000F01F013F208840B0609EE0EE
:1045200068492068884222D0664914312068884250
:104530001DD0644928312068884218D061493C3137
:104540002068884213D05F495031206888420ED0DD
:104550005C4964312068884209D05A497831206822
:10456000884204D057498C312068884201D101200B
:1045700000E00020E0B353492068884222D051492E
:104580001431206888421DD04E4928312068884265
:1045900018D04C493C312068884213D049495031E9
:1045A000206888420ED0474964312068884209D08B
:1045B000444978312068884204D042498C312068CF
:1045C000884201D1012000E0002000B100BF02209C
:1045D00084F8350000BF002084F8340000BF206854
:1045E000056839480540A068402802D1102106E03E
:1045F0002EE0A068802801D1C10100E00021E06820
:1046000041EAD001206941EAD001606941EAD00164
:10461000A06941EAD001E06941EAD001206A41EA9B
:10462000101005432068056026492068401A1421AF
:10463000B0FBF1F08000E0652046FDF703FE074681
:1046400094F85C0000F01F0101208840786006E0CB
:1046500040206065032084F8350001202CE61649CF
:10466000206888427AD0144918312068884275D071
:10467000114930312068884270D00F494831206894
:1046800088426BD00C4960312068884266D00A4964
:1046900078312068884261D007499031206888428B
:1046A0005CD00549A8312068884257D0034920686A
:1046B000884253D0014909E0100002401004024032
:1046C0003F8010FE085402580F00FEFF183120688A
:1046D000884243D03749206888423FD03549183155
:1046E000206888423AD0334930312068884235D03A
:1046F000304948312068884230D02E4960312068E6
:1047000088422BD02B4978312068884226D02A490C
:104710002068884222D028491431206888421DD060
:10472000254928312068884218D023493C31206827
:10473000884213D020495031206888420ED01E494B
:1047400064312068884209D01B497831206888424A
:1047500004D019498C312068884201D1012000E041
:10476000002000B32046FDF7E3FDA068802801D1BA
:10477000002060602079216E0860D4E9191048603B
:10478000606860B16068082809D82046FDF732FEED
:104790000020E16E0860D4E91C10486003E00020AE
:1047A000E0662067606700206065012084F83500BE
:1047B000002081E540040240085402582DE9F041F0
:1047C00004460D4616461F464FF0000814B9012056
:1047D000BDE8F08100BF94F83400012801D1022027
:1047E000F6E7012084F8340000BF94F83500012872
:1047F0007ED1022084F8350000206065E4492068FD
:10480000884249D0E24918312068884244D0E049C2
:104810003031206888423FD0DD49483120688842E5
:104820003AD0DB4960312068884235D0D8497831A8
:104830002068884230D0D6499031206888422BD0F9
:10484000D349A8312068884226D0D24920688842BE
:1048500022D0D0491831206888421DD0CD4930314E
:104860002068884218D0CB4948312068884213D04C
:10487000C8496031206888420ED0C6497831206826
:10488000884209D0C34990312068884204D0C14988
:10489000A8312068884206D12068006820F0010015
:1048A0002168086005E02068006820F001002168A8
:1048B00008603B46324629462046FDF73FFEB44994
:1048C000206888424BD0B24918312068884246D0CF
:1048D000AF4930312068884241D0AD494831206825
:1048E00088423CD0AA4960312068884237D000E035
:1048F00042E1A74978312068884230D0A4499031FC
:10490000206888422BD0A249A8312068884226D04E
:10491000A0492068884222D09E49183120688842E8
:104920001DD09C4930312068884218D099494831BF
:104930002068884213D097496031206888420ED0A1
:10494000944978312068884209D092499031206892
:10495000884204D08F49A8312068884201D10120C3
:1049600000E0002080B12068006820F01E0040F0C8
:10497000160021680860206CB0B12068006840F023
:104980000800216808600FE02068006820F00E0031
:1049900040F00A0021680860206C28B12068006897
:1049A00040F004002168086079492068884270D08E
:1049B00077491831206888426BD0754930312068BA
:1049C000884266D0724948312068884261D0704977
:1049D0006031206888425CD06D4978312068884217
:1049E00057D06B4990312068884252D06849A8312D
:1049F000206888424DD067492068884249D065497F
:104A000018312068884244D0624930312068884299
:104A10003FD060494831206888423AD05D496031D2
:104A20002068884235D05B4978312068884230D090
:104A300058499031206888422BD05649A8312068C7
:104A4000884226D054492068884222D052491431E5
:104A5000206888421DD0504928312068884218D0EB
:104A60004D493C312068884213D04B495031206871
:104A700088420ED0484964312068884209D04649AE
:104A800078312068884204D043498C3120688842BC
:104A900001D1012000E0002090B1206E006800F4F8
:104AA000803028B1206E006840F48070216E08606C
:104AB000E06E28B1E06E006840F48070E16E08603E
:104AC00033492068884249D03149183120688842EA
:104AD00044D02F493031206888423FD02C4948319A
:104AE000206888423AD02A4960312068884235D00F
:104AF000274978312068884230D025499031206894
:104B000088422BD02249A8312068884226D02149EA
:104B10002068884222D01F491831206888421DD061
:104B20001C4930312068884218D01A494831206821
:104B3000884213D017496031206888420ED0154949
:104B400078312068884209D0124990312068884223
:104B500004D01049A8312068884206D12068006836
:104B600040F001002168086010E02068006840F013
:104B700001002168086009E04FF40060606500BF33
:104B8000002084F8340000BF4FF0010840461FE6C3
:104B900010000240100402400854025870B5044648
:104BA00001F010F806462546681C10B1044800784C
:104BB000054400BF01F006F8801BA842FAD370BD7F
:104BC0002800002430B5034693F89840012C01D00A
:104BD000022C3ED11868806D084030B91868C06D4D
:104BE00040F001001D68E8650EE01868806D08401F
:104BF000884206D11868C06D40F002001D68E86563
:104C000002E003201D68E86501F4007030B1186807
:104C1000D0F8E00010431D68C5F8E00001F48060A2
:104C200030B11868D0F8E40010431D68C5F8E400FE
:104C300000BF1868406D0B4D0D4028431D68686526
:104C40000948006840EA9170074D286000BF0020C5
:104C500030BDD3F89C0040F00200C3F89C00012056
:104C6000F6E70000FFFFCF3F14A800402DE9F04118
:104C700004460E461746706800B900E000BF94F87D
:104C80009800022832D12068D0F8C00000F07C5093
:104C900040B9D4F89C0040F02000C4F89C000120EA
:104CA000BDE8F0812068D0F8C40000F4001038B1ED
:104CB000D4F89C0040F40070C4F89C000120EFE799
:104CC0002068D0F8C400C0F304452B463A4631466C
:104CD0002046FEF7C9F80120A8402168C1F8D0009D
:104CE0000120A840C4F894000020D9E7D4F89C0023
:104CF00040F00800C4F89C000120D1E77047F0B5EF
:104D0000024692F89860012E01D0022E43D1C86865
:104D1000072800D100BF086818BBC868072800D062
:104D200000BFC86807280BD1088A4FF0605747EAD0
:104D30000040CF6940EA07208F6940EA07040AE093
:104D4000087A80070F7B40EAC7600F8A40EA074075
:104D50004F6940EA0704D76E486807EB80031C6080
:104D600017E0C868072800D000BF0F7B086940EA39
:104D70004774C868072801D18D6903E00F7A486934
:104D800040EA8775176F486807EBC0031C601B1D5E
:104D90001D600020F0BDD2F89C0040F00200C2F877
:104DA0009C000120F6E770B50446049D94F8980035
:104DB00001280AD1080140EA820040EA4300284362
:104DC0002668C6F88000002070BDD4F89C0040F032
:104DD0000400C4F89C000120F6E77047704700000B
:104DE0002DE9F04304460D469C46002394F8988034
:104DF000B8F1020F74D1402D38D12068D0F8A0004E
:104E000000F4FE0040B9D4F89C0040F02000C4F843
:104E10009C000120BDE8F0832068D0F8A40000F0D9
:104E20007F0038B9D4F89C0040F48070C4F89C002E
:104E30000120EFE72068D0F8A400C0F3006040B183
:104E40002068D0F8A0004FF00049B9EBD07F00D126
:104E500001232068D0F8A400C0F305200344606C4F
:104E60005843D4F8749009EB80014BE0412D38D1C0
:104E70002068D0F8B00000F4FE0038B9D4F89C00E7
:104E800040F02000C4F89C000120C3E72068D0F85F
:104E9000B40000F07F0038B9D4F89C0040F4807072
:104EA000C4F89C000120B5E72068D0F8B400C0F336
:104EB000006040B12068D0F8B0004FF00049B9EB75
:104EC000D07F00D101232068D0F8B400C0F30520C2
:104ED0000344E06C5843D4F8789009EB800111E06A
:104EE0006EE0206DA84207D8D4F89C0040F0200066
:104EF000C4F89C0001208DE7606D6843D4F87C9075
:104F000009EB8001086800F080405060506820B9CB
:104F10000868C0F38A40106003E0086820F0604031
:104F20001060086800F000509060086800F00040D1
:104F30001061091D088880B2D061086800F47020F3
:104F4000D060086800F480105061086800F4001018
:104F500090610868C0F3066010620868C00F506274
:104F6000091D0F46002603E0B85D0CF80600761C0C
:104F7000DFF85C90D06809EB10400078B042F3D8BD
:104F8000402D03D12068C0F8A83017E0412D03D18F
:104F90002068C0F8B83011E0202D06D20120A840CA
:104FA000D4F80090C9F8980008E005F01F09012026
:104FB00000FA09F0D4F80090C9F89C00002029E715
:104FC000D4F89C0040F00800C4F89C00012021E7C0
:104FD00008210108704700002DE9F04F8DB004460C
:104FE000EF4800688707EE48001D006807EA8077F1
:104FF0002068006D00F470482068406D00EA0808E1
:105000002068006D00F00F092068406D00EA090972
:105010002068006D00F0F00A2068406D00EA0A0A7E
:105020002068006D00F0715B2068406D00EA0B0B9A
:105030002068006D00F060700C902068406D0C9945
:1050400008400C902068456D2068066DC5F300206F
:1050500070B1C6F3002058B100BF4FF480702168D2
:1050600008650020CE49086000BF2046FFF7B2FF68
:10507000C5F38020C8B1C6F38020B0B12068D0F855
:10508000DC000A902068D0F8E4000A9908400A90F1
:1050900000BF4FF48060216808650020C0490860A7
:1050A00000BF20460A9900F08BFC67B100BFBD48E5
:1050B000384021680865B80FB949086000BF394613
:1050C0002046FFF71BFEB8F1000F0ED000BFB54819
:1050D00008EA0000216808654FEA9870B049086046
:1050E00000BF4146204600F06DFCB9F1000F0ED024
:1050F00000BFAC4809EA0000216808654FEA9970D2
:10510000A749086000BF4946204600F09BFBBAF162
:10511000000F0ED000BFA3480AEA0000216808650E
:105120004FEA9A709E49086000BF5146204600F041
:10513000D7FBC5F3C02070B1C6F3C02058B100BF83
:105140004FF400602168086500209549086000BFA1
:10515000204600F038FCC5F34020C8B1C6F340201B
:10516000B0B12068D0F8D8000B902068D0F8E000EB
:105170000B9908400B9000BF4FF400702168086540
:1051800000208749086000BF20460B9900F019FCF9
:10519000C5F3C04070B1C6F3C04058B100BF4FF472
:1051A00000202168086500207D49086000BF204676
:1051B00000F046FBC5F3004070B1C6F3004058B1A3
:1051C00000BF4FF4803021680865002074490860F2
:1051D00000BF204600F0F3FBC5F3804070B1C6F37A
:1051E000804058B100BF4FF480202168086500203E
:1051F0006B49086000BF204600F0E0FBC5F340406B
:1052000088B1C6F3404070B100BF4FF40030216850
:10521000086500206249086000BFD4F89C0040F097
:105220008000C4F89C000C9870B100BF5D490C98D8
:105230000840216808650C98800F5949086000BF34
:1052400020460C99FFF7CAFDBBF1000F10D000BF3C
:1052500054480BEA0000216808654FEA9B705049EA
:10526000086000BFD4F89C0040EA0B00C4F89C0022
:105270004D49206888427DD16068806800F0030055
:10528000002877D06068006A00F00F00099060681D
:10529000406A0999084009906068006A00F030008F
:1052A00008906068406A0899084008906068006A41
:1052B00000F4C07007906068406A07990840079042
:1052C0006068006A00F4FC4006906068406A0699D5
:1052D000084006906068006A00F4F020059060685D
:1052E000406A0599084005906068406A02906068CD
:1052F000006A0190099830B10998616808622046F7
:10530000099900F058FB089830B108986168086264
:105310002046089900F051FB0298C0F38010A0B11C
:105320000198C0F3801080B16068C06B000C0490DD
:105330006068C06B00F03F00039040206168086225
:105340002046DDE9032100F037FB079830B10798CC
:10535000616808622046079900F02CFB069840B16E
:10536000069861680862D4F89C0006990843C4F85E
:105370009C0000E00AE0059840B105986168086269
:10538000D4F89C0005990843C4F89C00D4F89C000C
:1053900010B12046FFF721FD0DB0BDE8F08F0000F1
:1053A00010A80040FFFFCF3F00A0004070B594B0B0
:1053B00004464C22B34901A8FBF737F814B9012081
:1053C00014B070BDB0492068884203D1206800F550
:1053D00080706060A068B0F5407F00D100BF206C95
:1053E00000B100BFA06C00B100BF206D00B100BFD4
:1053F000206E00B100BFD4E91710084400B100BF0F
:1054000094F8980028B9002084F89900204600F00C
:105410003DF92068806920F010002168886100F063
:10542000D1FB05460EE000F0CDFB401B0A2809D950
:105430009834606840F001006060032004F8980927
:105440000120BDE72068806900F008000828EAD044
:105450002068806940F001002168886100F0B2FB9B
:1054600005460EE000F0AEFB401B0A2809D998342F
:10547000606840F001006060032004F89809012092
:105480009EE72068806900F001000028EAD02068CB
:10549000806940F0020021688861207C012806D1E3
:1054A0002068806920F040002168886105E020685C
:1054B000806940F0400021688861607C012806D145
:1054C0002068806940F480402168886105E0206898
:1054D000806920F4804021688861A07C012806D181
:1054E0002068806920F480502168886105E0206888
:1054F000806940F48050216888612068806920F4C8
:105500004070A1680843216888612068806920F0A4
:10551000A400216888612068006920F010002168DB
:105520000861E068012806D12068806940F0040025
:105530002168886120E0E068F0B1E068022815D0B9
:105540002068806940F080002168886120680069D7
:1055500040F0100021680861E06803280CD1206841
:10556000806940F020002168886105E0206880693A
:1055700040F0200021688861207E401E4106E069DD
:10558000401E41EA0020216A491E0843A18A491EA3
:1055900040EA01402168C861A068B0F5407F0FD1A2
:1055A000A06A401EE16A491E40EA0121206B401EAC
:1055B00041EA0011A08C401E41EA00402168C86009
:1055C000206E38B12068D0F8C000616E08432168B1
:1055D000C1F8C000D4E91710084460B12068D0F8C1
:1055E000C80020F0070001AAA16E52F8211008435C
:1055F0002168C1F8C800206C60B12068D0F8BC00F8
:1056000020F0070001AA616C52F8211008432168BC
:10561000C1F8BC00A06C68B12068D0F8BC0020F0D4
:10562000700101AAE06C52F8200041EA00102168E4
:10563000C1F8BC00206D68B12068D0F8BC0020F42F
:10564000E06101AA606D52F8200041EA0020216863
:10565000C1F8BC000C492068884205D160688068A8
:1056600020F0030061688860002044F8940FA06077
:1056700001202071943C2046FDF7E6FA06463046AC
:105680009EE600001821010800A0004010B586B079
:105690000446142101A8FAF7E1FE62492068884215
:1056A0003CD161480068401C5F49086008460068BA
:1056B00001280DD100BF5D48006840F480705B494F
:1056C00008600846006800F48070009000BF00BFCA
:1056D00000BF56480C38006840F0080053490C39A8
:1056E00008600846006800F00800009000BF00BF96
:1056F00003200190022002900020039004900920D2
:10570000059001A94A4800F05FF900220621132004
:1057100000F016FB132000F0FFFA81E045492068F5
:1057200088423CD140480068401C3F490860084618
:10573000006801280DD100BF3C48006840F480702B
:105740003A4908600846006800F48070009000BF85
:1057500000BF00BF35480C38006840F002003349F4
:105760000C3908600846006800F00200009000BF95
:1057700000BF60200190022002900020039004905E
:105780000920059001A92C4800F01EF900220521EE
:10579000142000F0D5FA142000F0BEFA40E02749AA
:1057A000206888423CD120480068401C1E4908609F
:1057B0000846006801280DD100BF1C48006840F46D
:1057C00080701A4908600846006800F480700090F4
:1057D00000BF00BF00BF15480C38006840F008004B
:1057E00012490C3908600846006800F00800009073
:1057F00000BF00BF4FF440500190022002900020F3
:10580000039004900520059001A9094800F0DCF8F8
:10581000002205219F2000F093FA9F2000F07CFADF
:1058200006B010BD00A000401C000024EC4402584B
:10583000000C025800A400400004025800D40040AC
:105840007047000070B504460D4605F001000028C1
:1058500038D01D492068884234D140211B48FAF7CE
:10586000FDFD1A4B1A4A40212046FFF7B9FA1848A5
:105870000068032807D004280CD0772819D0B0F589
:10588000017F1DD10EE012481049C26811480AF08C
:10589000F3FF16E00E480D49C2680E4840300AF08A
:1058A000EBFF0EE00A480949C2680B480BF038F8D4
:1058B00007E007480549C26808480BF081FF00E08F
:1058C00000BF00BF70BD000000A00040508F00244A
:1058D000288F00241C8900241C8A002434090024F9
:1058E00070B504460D4605F01000002839D01D495A
:1058F0002068884235D140211B48FAF7AFFD1A4B8A
:105900001A4A41212046FFF76BFA1848006803281D
:1059100007D004280CD077281AD0A0F20320F0B9C1
:105920000EE012481049C26811480AF0A5FF17E0BE
:105930000E480D49C2680E4840300AF09DFF0FE046
:105940000A480949C2680A48C4300AF0E9FF07E07A
:1059500008480949C26809480BF032FF00E000BF5F
:1059600000BF70BD00A40040B88F0024908F0024B9
:105970009C890024288F0024508F0024340900249F
:10598000014691F8980001280CD1022081F8980076
:105990000868806920F001000A6890610020C1F861
:1059A0009C007047D1F89C0040F00400C1F89C00B6
:1059B0000120F6E77047704770477047704770479F
:1059C0007047704770477047F8B502460B46002194
:1059D0006D4DD2E001278F401E6806EA0704002CB7
:1059E00072D01E7906F00306012E04D01E7906F04F
:1059F0000306022E13D190684F000326BE40B04329
:105A00004F00DE68BE4030439060506801268E40F3
:105A1000B0431E79C6F300168E40304350601E79A5
:105A200006F00306032E09D0D0684F000326BE40BF
:105A3000B0434F009E68BE403043D0601E7906F0F0
:105A40000306022E13D1CF0802F1200656F82700D4
:105A50004E07F70E0F26BE40B0434F07FF0E1E69DC
:105A6000BE403043CF0802F1200646F827001068F8
:105A70004F000326BE40B0431E7906F003064F00D8
:105A8000BE40304310605E6806F44036002E73D08E
:105A900000BF3E4E366846F002063C4F3E603E4632
:105AA000366806F00206009600BF00BF384E8F0829
:105AB00056F827008E07370F0F26BE40B043354EED
:105AC000B24202D1002629E056E0334EB24201D163
:105AD000012623E0314EB24201D102261EE0304EB3
:105AE000B24201D1032619E02E4EB24201D1042662
:105AF00014E02D4EB24201D105260FE02B4EB242EA
:105B000001D106260AE02A4EB24201D1072605E05D
:105B1000284EB24201D1092600E00A268F073F0F26
:105B2000BE4030431A4E8F0846F827004FF0B0466B
:105B30003068A0435E6806F4801606B120434FF03B
:105B4000B04630607068A0435E6806F4001606B187
:105B500020434FF0B04670606868A0435E6806F46A
:105B6000003606B1204368602868A0435E6806F4EA
:105B7000803606B120432860491C1E68CE40002EA6
:105B80007FF428AFF8BD000080000058F4440258AC
:105B90000804005800000258000402580008025887
:105BA000000C025800100258001402580018025845
:105BB000001C0258002402580AB1816101E00B0464
:105BC000836170470148006870470000200000248E
:105BD0000348006803490978084401490860704790
:105BE000200000242800002410B5032000F0E6F86F
:105BF00001F0DEFB10490968C1F303210F4A515C33
:105C000001F01F0120FA01F40B48006800F00F00BA
:105C10001146085C00F01F0024FA00F008490860F3
:105C2000084804600F2000F00FF808B1012010BDF3
:105C300000F05AF80020FAE7184402588C210108B5
:105C4000300000242C000024F0B58BB00446102C4A
:105C50000AD2002221461C2000F072F81C2000F01D
:105C60005BF81D48046002E001200BB0F0BD00BFEE
:105C70001A48006840F001001849086008460068AA
:105C800000F00100019000BF00BF02A903A801F0CD
:105C90000FFB089E1EB901F067FB054602E001F00C
:105CA00063FB45000E48B5FBF0F0471E4FF0804007
:105CB0000C49086040F2E7310A48C16047600021A2
:105CC0000161816002F01EFD18B9064802F052FD24
:105CD000CBE70120C9E7000024000024E844025873
:105CE00040420F009C08002408B500BF0948006826
:105CF00040F00200074908600846006800F0020012
:105D0000009000BF00BF00220F21901E00F018F885
:105D100008BD0000F44402580146084600280DDB87
:105D200000BF00BF00F01F0301229A4043099B00FF
:105D300003F1E023C3F8002100BF00BF00BF70479C
:105D40002DE9F05F80460D46164608F0C9FD07466E
:105D500039462A46334601F00700C0F1070ABAF176
:105D6000040F02D94FF0040A01E0C0F1070AD1463E
:105D700000F1040ABAF1070F02D24FF0000A01E065
:105D8000A0F1030AD4464FF0010A0AFA09FAAAF16F
:105D9000010A0AEA020A0AFA0CFA4FF0010B0BFA9E
:105DA0000CFBABF1010B0BEA030B4AEA0B04214697
:105DB000404608F09DFDBDE8F09F000000BF00F0E8
:105DC0000702064B19684FF6FF031940044B0B43BB
:105DD00043EA0221014B196000BF70470CED00E05F
:105DE0000000FA0570B5044615480068C0F380004D
:105DF00048B91348006800F00700A04201D0012014
:105E000070BD0020FCE70E48006820F0070020432A
:105E10000B490860FFF7D6FE054607E0FFF7D2FE04
:105E2000401BB0F57A7F01D90120E9E70448083822
:105E30000068C0F340300028F0D00020E0E7000008
:105E40000C48025810B501F069FA05490968C1F318
:105E50000211044A515C01F01F01C84010BD00004E
:105E6000204402588C21010870B50146844D2D68EC
:105E700005F00303824D2D68C5F30530804D2D1DBF
:105E80002D68C5F300147E4D14352D68C5F3CC057F
:105E900015FB04F501EE105AB8EE411AF0EE410A76
:105EA00000286FD023B1012B4ED0022B6BD16BE0B9
:105EB000734D283D2D68C5F340153DB3704D283D09
:105EC0002D68C5F3C1066F4D25FA06F201EE102AC2
:105ED000F8EE411A01EE100AB8EE411A81EE812A5D
:105EE0009FED691AC0EE811A654D10352D68C5F316
:105EF000080501EE105AB8EE411A31EE811AF7EE9C
:105F0000001A31EE211A22EE010A1CE001EE100AFD
:105F1000B8EE411ADFED5D1A81EE812A9FED5A1A23
:105F2000C0EE811A564D10352D68C5F3080501EEF7
:105F3000105AB8EE411A31EE811AF7EE001A31EE1E
:105F4000211A22EE010A5BE001EE100AB8EE411AB6
:105F5000DFED4F1A81EE812A9FED4B1AC0EE811AB8
:105F6000474D10352D68C5F3080501EE105AB8EEFF
:105F7000411A31EE811AF7EE001A31EE211A22EEA3
:105F8000010A3DE077E01DE001EE100AB8EE411A8B
:105F90009FED402AC2EE011A9FED3B1A80EE812A46
:105FA000374D10352D68C5F3080501EE105AB8EECF
:105FB000411A32EE011AB7EE002A31EE021A21EE32
:105FC000810A1DE001EE100AB8EE411ADFED301A29
:105FD00081EE812A9FED2C1AC0EE811A284D1035D2
:105FE0002D68C5F3080501EE105AB8EE411A31EEDE
:105FF000811AF7EE001A31EE211A22EE010A00BFD3
:1060000000BF1F4D10352D68C5F3462501EE105A0F
:10601000B8EE411AF7EE001A31EE211AC0EE011A5D
:10602000BCEEE11A81ED001A154D10352D68C5F34F
:10603000064501EE105AB8EE411AF7EE001A31EE9D
:10604000211AC0EE011ABCEEE11A81ED011A0C4DC5
:1060500010352D68C5F3066501EE105AB8EE411AE9
:10606000F7EE001A31EE211AC0EE011ABCEEE11A69
:1060700081ED021A03E000250D604D608D6070BD5A
:10608000284402580090D003000000460024744CBD
:106090000024744A001BB74B70B50146844D2D682F
:1060A00005F00303824D2D68C5F30550804D2D1D6D
:1060B0002D68C5F300247E4D1C352D68C5F3CC0535
:1060C00015FB04F501EE105AB8EE411AF0EE410A44
:1060D00000286FD023B1012B4ED0022B6BD16BE087
:1060E000734D283D2D68C5F340153DB3704D283DD7
:1060F0002D68C5F3C1066F4D25FA06F201EE102A90
:10610000F8EE411A01EE100AB8EE411A81EE812A2A
:106110009FED691AC0EE811A654D18352D68C5F3DB
:10612000080501EE105AB8EE411A31EE811AF7EE69
:10613000001A31EE211A22EE010A1CE001EE100ACB
:10614000B8EE411ADFED5D1A81EE812A9FED5A1AF1
:10615000C0EE811A564D18352D68C5F3080501EEBD
:10616000105AB8EE411A31EE811AF7EE001A31EEEC
:10617000211A22EE010A5BE001EE100AB8EE411A84
:10618000DFED4F1A81EE812A9FED4B1AC0EE811A86
:10619000474D18352D68C5F3080501EE105AB8EEC5
:1061A000411A31EE811AF7EE001A31EE211A22EE71
:1061B000010A3DE077E01DE001EE100AB8EE411A59
:1061C0009FED402AC2EE011A9FED3B1A80EE812A14
:1061D000374D18352D68C5F3080501EE105AB8EE95
:1061E000411A32EE011AB7EE002A31EE021A21EE00
:1061F000810A1DE001EE100AB8EE411ADFED301AF7
:1062000081EE812A9FED2C1AC0EE811A284D183597
:106210002D68C5F3080501EE105AB8EE411A31EEAB
:10622000811AF7EE001A31EE211A22EE010A00BFA0
:1062300000BF1F4D18352D68C5F3462501EE105AD5
:10624000B8EE411AF7EE001A31EE211AC0EE011A2B
:10625000BCEEE11A81ED001A154D18352D68C5F315
:10626000064501EE105AB8EE411AF7EE001A31EE6B
:10627000211AC0EE011ABCEEE11A81ED011A0C4D93
:1062800018352D68C5F3066501EE105AB8EE411AAF
:10629000F7EE001A31EE211AC0EE011ABCEEE11A37
:1062A00081ED021A03E000250D604D608D6070BD28
:1062B000284402580090D003000000460024744C8B
:1062C0000024744A001BB74B2DE9F0410446002519
:1062D000A8464FF00062D4E9001011400020134698
:1062E00059404040014331D1606E48B1B0F5801F44
:1062F0000DD0B0F5001F11D0B0F5401F16D114E03D
:10630000FE48006840F40030FC49086010E00221BB
:1063100004F1080005F0CCFF054609E0022104F174
:10632000280006F077F8054602E001E0012500BFED
:1063300000BF55B9F1482430006820F44010616E68
:106340000843EE492431086000E0A8464FF480720B
:10635000D4E9001011400020134659404040014349
:106360002ED1A06D05281BD2DFE800F0030A11181A
:106370001900E248006840F40030E049086011E08C
:10638000002104F1080005F093FF05460AE0002112
:1063900004F1280006F03EF8054603E002E001E0C3
:1063A000012500BF00BF55B9D4482430006820F053
:1063B0000700A16D0843D1492431086000E0A846D8
:1063C0004FF48062D4E90010114000201346594078
:1063D000404001433DD1D4F8A400B0F5C00F24D013
:1063E00007DC68B1B0F5001F11D0B0F5800F1FD1E8
:1063F00014E0B0F5000F19D0B0F5200F18D116E059
:10640000BE48006840F40030BC49086012E000213A
:1064100004F1080005F04CFF05460BE0002104F1F3
:10642000280005F0F7FF054604E003E002E001E084
:10643000012500BF00BF5DB9B0482C30006820F4D2
:106440006000D4F8A4100843AC492C31086000E087
:10645000A8464FF40062D4E9000110400021134621
:106460005840494008433DD1D4F8A800B0F1407FDE
:1064700024D007DC68B1B0F1807F11D0B0F1007F8B
:106480001FD114E0B0F1806F19D0B0F1A06F18D116
:1064900016E09A48006840F400309849086012E01D
:1064A000002104F1080005F003FF05460BE0002180
:1064B00004F1280005F0AEFF054604E003E002E029
:1064C00001E0012500BF00BF5DB98C482C30006899
:1064D00020F0E060D4F8A810084388492C31086007
:1064E00000E0A8464FF00073D4E9001019400020E6
:1064F00059404040014328D1E06CA8B1102804D095
:10650000202809D0302810D10DE07C48006840F4E4
:1065100000307A4908600AE0022104F1080005F021
:10652000C7FE054603E002E001E0012500BF00BF11
:1065300055B972482030006820F03000E16C084303
:106540006E492031086000E0A8464FF48053D4E93A
:1065500000101940002059404040014337D1E06D00
:10656000B0F5005F1AD004DC50B1B0F5805F1ED1E9
:106570000DE0B0F5405F18D0B0F5804F17D115E0B1
:106580005E48006840F400305C49086011E000217A
:1065900004F1080005F08CFE05460AE0002104F134
:1065A000280005F037FF054603E002E001E0012581
:1065B00000BF00BF55B951482430006820F4E040C6
:1065C000E16D08434D492431086000E0A8464FF4CE
:1065D0000053D4E9001019400020594040400143C5
:1065E00035D1206EB0F5403F1ED007DC68B1B0F564
:1065F000803F0BD0B0F5003F19D10EE0B0F5802FF1
:1066000013D0B0F5A02F12D110E012E0012104F157
:10661000080005F04DFE05460BE0012104F12800BD
:1066200005F0F8FE054604E003E002E001E0012584
:1066300000BF00BF55B931482430006820F4E02085
:10664000216E08432D492431086000E0A8464FF42C
:106650008042D4E9000110400021134658404940CF
:10666000084337D1D4F8AC00B0F1405F1ED007DC4E
:1066700068B1B0F1805F0BD0B0F1005F19D10EE0CE
:10668000B0F1804F13D0B0F1A04F12D110E012E062
:10669000012104F1080005F00BFE05460BE0012185
:1066A00004F1280005F0B6FE054604E003E002E030
:1066B00001E0012500BF00BF5DB910482C30006823
:1066C00020F0E040D4F8AC1008430C492C310860AD
:1066D00000E0A8464FF40043D4E90001184000212F
:1066E0005840494008432AD1E06EB8B1B0F1805F0C
:1066F00006D0B0F1005F12D109E000002C4402582E
:10670000F948006840F40030F749086009E00121C9
:1067100004F1080005F0CCFD054602E001E001258A
:1067200000BF00BF55B9F0482430006820F0405049
:10673000E16E0843EC492431086000E0A8464FF0C0
:106740008073D4E9001019400020594040400143B3
:1067500028D1A06CA8B1012804D0022809D00328B0
:1067600010D10DE0E048006840F40030DE490860D8
:106770000AE0022104F1080005F09AFD054603E055
:1067800002E001E0012500BF00BF55B9D648203026
:10679000006820F00300A16C0843D3492031086051
:1067A00000E0A8464FF48003D4E90010194000200F
:1067B0005940404001437DD1CC48006840F480708E
:1067C000CA490860FFF7FEF9064606E0FFF7FAF946
:1067D000801B642801D9032505E0C448006800F443
:1067E00080700028F2D000BF85BBBF4844300068ED
:1067F00000F44070B4F8B01001F44071884213D036
:10680000B9484430006820F44077B7484430006805
:1068100040F48030B449443108600846006820F4F0
:106820008030086008460760D4F8B000B0F5807F7B
:1068300015D1FFF7C7F9064609E0FFF7C3F9801B3A
:1068400041F28831884202D9032507E038E0A648A2
:1068500044300068C0F340000028EED000BF55BBB4
:1068600000BFB4F8B00000F44070B0F5407F0ED126
:106870009D481C38006820F47C519D4AD4F8B00033
:10688000104041EA101098491C39086007E096480A
:106890001C38006820F47C5093491C3908609248E9
:1068A00044300068B4F8B010C1F30B0108438E49BE
:1068B000443101E005E001E0086002E0A84600E0A4
:1068C000A8460122D4E90001104000211346584097
:1068D0004940084330D1A06F18281AD005DC48B1D0
:1068E000082808D0102817D10CE0202812D028281A
:1068F00012D110E012E0012104F1080005F0D8FCEB
:1069000005460BE0012104F1280005F083FD054652
:1069100004E003E002E001E0012500BF00BF55B93B
:1069200071482830006820F03800A16F08436E4994
:106930002831086000E0A8460223D4E9001019407D
:10694000002059404040014329D1606F062816D2EB
:10695000DFE800F003040B12131412E0012104F12C
:10696000080005F0A5FC05460BE0012104F1280014
:1069700005F050FD054604E003E002E001E00125DA
:1069800000BF00BF55B958482830006820F0070004
:10699000616F084354492831086000E0A84604228A
:1069A000D4E90010114000201346594040400143F3
:1069B0002BD1D4F89000062816D2DFE800F00304AB
:1069C0000B12131412E0012104F1080005F070FC11
:1069D00005460BE0012104F1280005F01BFD0546EA
:1069E00004E003E002E001E0012500BF00BF5DB963
:1069F0003D482C30006820F00700D4F89010084380
:106A000039492C31086000E0A8462023D4E9000170
:106A10001840002158404940084337D1D4F88C0031
:106A2000B0F1405F1ED007DC68B1B0F1805F0BD0E1
:106A3000B0F1005F19D10EE0B0F1804F13D0B0F18A
:106A4000A04F12D110E012E0002104F1080005F07F
:106A50002FFC05460BE0022104F1280005F0DAFCCA
:106A6000054604E003E002E001E0012500BF00BFAD
:106A70005DB91D482830006820F0E040D4F88C1043
:106A8000084319492831086000E0A8464023D4E9AA
:106A90000010194000205940404001433CD1D4F837
:106AA0009800B0F5406F25D007DC68B1B0F5806F75
:106AB0000BD0B0F5006F20D10EE0B0F5805F1AD09A
:106AC000B0F5A05F19D117E019E0002104F108002A
:106AD00005F0EEFB054612E0022104F1280005F066
:106AE00099FC05460BE000002C440258004802586F
:106AF000FFFCFF0F03E002E001E0012500BF00BF43
:106B00004DB9FE48006820F4E050D4F898100843CE
:106B1000FA49086000E0A8468023D4E90010194033
:106B2000002059404040014335D1D4F89C00B0F5D5
:106B3000C04F1ED007DC68B1B0F5005F0BD0B0F5D8
:106B4000804F19D10EE0B0F5004F13D0B0F5204FB3
:106B500012D110E012E0002104F1080005F0A8FBBA
:106B600005460BE0022104F1280005F053FC054620
:106B700004E003E002E001E0012500BF00BF4DB9E1
:106B8000DE48006820F46040D4F89C100843DB49DC
:106B9000086000E0A8460823D4E90001184000215D
:106BA00058404940084317D1D4F88000B0F5805FC1
:106BB00007D1022104F1280005F02CFC08B14FF0A8
:106BC0000108CE48001F006820F44050D4F880101F
:106BD0000843CA49091F08601023D4E9000118407E
:106BE000002158404940084315D1D4F89400B0F52D
:106BF000807F07D1022104F1280005F00BFC08B1C9
:106C00004FF00108BD48006820F44070D4F894109B
:106C10000843BA4908604FF40023D4E90001184042
:106C2000002158404940084327D1D4F8A00030B192
:106C3000B0F5803F0AD0B0F5003F0FD10DE0002144
:106C400004F1080005F034FB054609E0022104F1D7
:106C5000280005F0DFFB054602E001E0012500BF4A
:106C600000BF4DB9A548006820F44030D4F8A0100A
:106C70000843A249086000E0A8464FF48023D4E905
:106C80000001184000215840494008432DD1D4F854
:106C90008400B0F5801F06D0B0F5001F0CD0B0F511
:106CA000401F11D10FE095482C38006840F40030A7
:106CB00092492C39086009E0012104F1280005F00F
:106CC000A9FB054602E001E0012500BF00BF5DB958
:106CD0008A48001F006820F44010D4F8841008434C
:106CE0008649091F086000E0A8464FF48032D4E9C5
:106CF000000110400021134658404940084325D167
:106D0000206D18B1B0F5803F10D108E07B482C38D9
:106D1000006840F4003079492C39086008E002210D
:106D200004F1080005F0C4FA054601E0012500BFA2
:106D300000BF55B971480C38006820F48030216DCF
:106D400008436E490C39086000E0A8464FF0005334
:106D5000D4E900101940002059404040014307D1B8
:106D6000022104F1280005F055FB08B14FF001089D
:106D70004FF40032D4E9000110400021134658407E
:106D80004940084327D1E06FA0B1B0F5807F06D01D
:106D9000B0F5007F0CD0B0F5407F0CD109E057482A
:106DA0002C38006840F4003054492C39086004E065
:106DB00003E002E001E0012500BF00BF55B94F48E4
:106DC000001F006820F44070E16F08434B49091F21
:106DD000086000E0A8464FF48012D4E9001011408A
:106DE0000020134659404040014309D14348083828
:106DF000006820F00040216F0843404908390860CE
:106E00004FF40013D4E900011840002158404940D4
:106E1000084309D139480838006820F08070A16E15
:106E200008433649083908604FF08043D4E9001020
:106E30001940002059404040014311D100BF2F4864
:106E40004838006820F400402C494839086008465A
:106E50000068D4F8B410084328494839086000BFD6
:106E60004FF00042D4E90001104000211346584081
:106E70004940084309D121480C38006820F04050AF
:106E8000616D08431D490C3908604FF40002D4E9D4
:106E900000101140002013465940404001430AD1E0
:106EA0001648001F006820F44000D4F888100843FA
:106EB0001249091F08600122002160681040494002
:106EC0005040014306D104F1080005F0F1F90546F0
:106ED00005B1A84602220021606810404940504098
:106EE000014307D1012104F1080005F0E1F905464D
:106EF00005B1A84604230020616801E05844025807
:106F00001940042240405140084307D1022104F1B6
:106F1000080005F0CDF9054605B1A8460823002074
:106F200061681940082240405140084307D10021C0
:106F300004F1280005F06EFA054605B1A8461023B5
:106F4000002061681940102240405140084307D199
:106F5000012104F1280005F05DFA054605B1A846B7
:106F6000202200216068104049405040014307D171
:106F7000022104F1280005F04DFA054605B1A846A6
:106F8000B8F1000F02D10020BDE8F0810120FBE73D
:106F90002DE9F04104460D4614B90120BDE8F08109
:106FA000BD48006800F00F00A8420ED2BA48006841
:106FB00020F00F002843B84908600846006800F038
:106FC0000F00A84201D00120E8E7207800F004007B
:106FD00004280ED1B1492069096801F07001884286
:106FE00007D9AE48006820F0700021690843AB491A
:106FF0000860207800F00800082811D1A749091D71
:107000006069096801F07001884209D9A348001D30
:10701000006820F0700061690843A049091D0860FC
:10702000207800F01000102811D19C49091DA0699A
:10703000096801F4E061884209D99848001D006898
:1070400020F4E060A16908439449091D0860207894
:1070500000F02000202811D190490831E06909682A
:1070600001F07001884209D98C480830006820F08E
:107070007000E1690843894908310860207800F010
:10708000020002280ED18549E068096801F00F016D
:10709000884207D98148006820F00F00E168084362
:1070A0007E490860207800F00100002850D07B481D
:1070B000006820F47060A16808437849086060683F
:1070C000022807D1754818380068C0F34040F8B965
:1070D000012063E76068032807D17048183800680A
:1070E000C0F34060A0B9012058E76068012807D1CB
:1070F0006A4818380068C0F3002048B901204DE7FD
:10710000664818380068C0F3800008B9012045E7D8
:1071100062480838006820F00700616808435F494A
:1071200008390860FEF74EFD064608E0FEF74AFD06
:10713000801B41F28831884201D903202EE757484D
:107140000838006800F038006168B0EBC10FEDD17D
:10715000207800F0020002280ED15049E06809684A
:1071600001F00F01884207D24C48006820F00F0060
:10717000E1680843494908604748006800F00F008B
:10718000A8420ED94448006820F00F002843424925
:1071900008600846006800F00F00A84201D00120F6
:1071A000FCE6207800F0040004280ED13B49206959
:1071B000096801F07001884207D23848006820F061
:1071C00070002169084335490860207800F0080004
:1071D000082811D13149091D6069096801F0700161
:1071E000884209D22D48001D006820F070006169B6
:1071F00008432A49091D0860207800F01000102873
:1072000011D12649091DA069096801F4E06188428D
:1072100009D22248001D006820F4E060A1690843FB
:107220001E49091D0860207800F02000202811D197
:107230001A490831E069096801F07001884209D2F1
:1072400016480830006820F07000E16908431349CF
:107250000831086000F0ACF810490968C1F3032157
:107260000F4A515C01F01F0120FA01F70B4800683A
:1072700000F00F001146085C00F01F0027FA00F034
:10728000084908600848076008480068FEF7DCFC09
:107290008046404682E60000002000521844025812
:1072A0008C210108300000242C000024240000243C
:1072B0003F220260174A126802F007024260154A34
:1072C0000832126802F470628260124A0832126850
:1072D00002F00F02C2600F4A0832126802F0700218
:1072E00002610C4A0C32126802F070024261094AD3
:1072F0000C32126802F4E0628261064A10321268AF
:1073000002F07002C261044A126802F00F020A60C1
:1073100070470000104402580020005210B500F0E1
:1073200047F80D490968C1F303210C4A515C01F08B
:107330001F0120FA01F40848006800F00F00114610
:10734000085C00F01F0024FA00F0054908600548B9
:1073500004600846006810BD184402588C210108DA
:10736000300000242C00002400B5FFF7D7FF0549AA
:107370000968C1F30211044A515C01F01F01C840C1
:1073800000BD00001C4402588C21010800B5FFF725
:10739000C5FF05490968C1F30221044A515C01F0A7
:1073A0001F01C84000BD00001C4402588C21010888
:1073B000F0B5824E366806F0380636B1082E15D084
:1073C000102E15D0182E7DD114E07C4E103E36685C
:1073D000C6F3401646B1794E103E3668C6F3C10773
:1073E000774E26FA07F000E07548E5E07548E3E0DF
:1073F0007548E1E0714E1836366806F003046F4EAA
:1074000018363668C6F305116C4E1C36366806F021
:1074100001056A4E24363668C6F3CC0616FB05F61F
:1074200001EE106AB8EE410A002971D024B1012C96
:1074300050D0022C6DD16DE0604E103E3668C6F320
:1074400040163EB35D4E103E3668C6F3C1075C4E33
:1074500026FA07F301EE103AF8EE411A01EE101A7F
:10746000B8EE411A81EE812A9FED581AC0EE011A3A
:10747000524E20363668C6F3080601EE106AB8EEA2
:10748000411A31EE811AF7EE001A31EE211A62EE3E
:10749000010A1EE001EE101AB8EE411ADFED4C1A97
:1074A00081EE812A9FED491AC0EE011A434E203623
:1074B0003668C6F3080601EE106AB8EE411A31EEDE
:1074C000811A00E076E0F7EE001A31EE211A62EE42
:1074D000010A5BE001EE101AB8EE411A9FED3D2A59
:1074E000C2EE011A9FED391A80EE012A334E203682
:1074F0003668C6F3080601EE106AB8EE411A32EE9D
:10750000011AB7EE002A31EE021A61EE810A3DE05F
:107510004EE01DE001EE101AB8EE411ADFED2E1A12
:1075200081EE812A9FED291AC0EE011A234E2036E2
:107530003668C6F3080601EE106AB8EE411A31EE5D
:10754000811AF7EE001A31EE211A62EE010A1DE0EF
:1075500001EE101AB8EE411A9FED1E2AC2EE011A72
:107560009FED1A1A80EE012A144E20363668C6F3B3
:10757000080601EE106AB8EE411A32EE011AB7EEB3
:10758000002A31EE021A61EE810A00BF00BF0B4EE5
:1075900020363668C6F34626721C01EE102AB8EE75
:1075A000411AC0EE811ABCEEE11A11EE100A00E099
:1075B000002001E0034800BF00BFF0BD10440258A6
:1075C0000090D00300093D0000366E010000004627
:1075D0000024744C0024744A001BB74B2DE9F0477B
:1075E000044614B90120BDE8F087207800F00100BE
:1075F000002870D0F948006800F03808F7481830C3
:10760000D0F80090B8F1100F06D0B8F1180F0FD1D4
:1076100009F0030002280BD1F04810380068C0F3CD
:10762000404000286AD06068002867D10120DAE76E
:1076300000BF6068B0F5803F08D1E84810380068A6
:1076400040F48030E549103908602EE0606868B980
:10765000E2481038006820F48030E04910390860B2
:107660000846006820F4802008601EE06068B0F5DD
:10767000A02F0DD1D9481038006840F48020D74998
:10768000103908600846006840F4803008600CE05B
:10769000D2481038006820F48030D0491039086092
:1076A0000846006820F48020086000BF606898B138
:1076B000FEF788FA054606E0FEF784FA401B6428C8
:1076C00001D903208FE7C54810380068C0F3404057
:1076D0000028F1D012E012E0FEF774FA054606E049
:1076E000FEF770FA401B642801D903207BE7BB48F2
:1076F00010380068C0F340400028F1D100BF207866
:1077000000F00200022879D1B448006800F038087F
:10771000B2481830D0F80090B8F1000F05D0B8F199
:10772000180F35D109F0030088BBAC481038006849
:10773000C0F3800018B1E06808B9012053E7A748FA
:107740001038006820F01900E1680843A349103997
:107750000860FEF737FA054606E0FEF733FA401BED
:10776000022801D903203EE79C4810380068C0F386
:1077700080000028F1D099480C38006820F0FE40C5
:10778000217C40EA016095490C39086045E0FFE73B
:10779000E06838B391481038006820F01900E168BB
:1077A00008438E4910390860FEF70CFA054606E0DA
:1077B000FEF708FA401B022801D9032013E7874887
:1077C00010380068C0F380000028F1D083480C38DE
:1077D000006820F0FE40217C40EA01607F490C39BE
:1077E00008601AE07D481038006820F001007B49ED
:1077F00010390860FEF7E6F9054607E00EE0FEF7EF
:10780000E1F9401B022801D90320ECE67348103847
:107810000068C0F380000028F1D100BF207800F09C
:10782000100010286FD16D48006800F038086B48D0
:107830001830D0F80090B8F1080F06D0B8F1180F42
:107840001CD109F00300012818D1644810380068E1
:10785000C0F3002020B1E069802801D00120C2E6F9
:1078600000BF5E48001F006820F07C5094F8201094
:1078700040EA01605949091F086043E0E06938B3F4
:1078800056481038006840F08000544910390860AC
:10789000FEF798F9054606E0FEF794F9401B02282A
:1078A00001D903209FE64D4810380068C0F300203E
:1078B0000028F1D000BF4948001F006820F07C502C
:1078C00094F8201040EA01604449091F086019E05B
:1078D00042481038006820F08000404910390860A4
:1078E000FEF770F9054606E0FEF76CF9401B02282A
:1078F00001D9032077E6394810380068C0F300202A
:107900000028F1D100BF207800F00800082836D107
:107910006069D0B131486430006840F001002F49FF
:1079200064310860FEF74EF9054606E0FEF74AF9B5
:10793000401B022801D9032055E62848643000681E
:10794000C0F340000028F1D019E0244864300068FA
:1079500020F00100214964310860FEF733F9054643
:1079600006E0FEF72FF9401B022801D903203AE672
:107970001A4864300068C0F340000028F1D1207834
:1079800000F02000202838D1A069D0B11348103869
:10799000006840F48050114910390860FEF712F970
:1079A000054606E0FEF70EF9401B022801D9032028
:1079B00019E60A4810380068C0F340300028F1D0BA
:1079C0001BE006481038006820F480500349103945
:1079D0000860FEF7F7F8054609E000001044025879
:1079E000FEF7F0F8401B022801D90320FBE5D04840
:1079F0000068C0F340300028F2D1207800F0040085
:107A000004287DD1CB48006840F48070C9490860E3
:107A1000FEF7D8F8054606E0FEF7D4F8401B6428C8
:107A200001D90320DFE5C348006800F48070002816
:107A3000F2D000BFA068012808D1BD4870300068AE
:107A400040F00100BA49703108602DE0A06868B9C3
:107A5000B7487030006820F00100B5497031086007
:107A60000846006820F0040008601DE0A0680528B2
:107A70000DD1AF487030006840F00400AC4970315F
:107A800008600846006840F0010008600CE0A84863
:107A90007030006820F00100A54970310860084688
:107AA000006820F00400086000BFA068A0B1FEF7E5
:107AB00089F8054608E0FEF785F8401B41F2883159
:107AC000884201D903208EE5994870300068C0F3E0
:107AD00040000028EFD013E0FEF774F8054608E0F8
:107AE000FEF770F8401B41F28831884201D903202B
:107AF00079E58F4870300068C0F340000028EFD16E
:107B0000606A00287DD08A481030006800F0380094
:107B1000182877D0606A022875D18548006820F05F
:107B2000807083490860FEF74DF8054606E0FEF7D1
:107B300049F8401B022801D9032054E57C4800681D
:107B4000C0F340600028F2D100BFD4E90A1041EA36
:107B5000001077492831096840F2F3329143084315
:107B6000734928310860208E401EC0F30800616B05
:107B7000491E4FF47E4202EA41210843218F491EEB
:107B8000D20102EA014108433C21095D491E12026B
:107B900002EA0161084366493031086000BF081FEE
:107BA000006820F00100091F086061483430006857
:107BB0004FF6F8718843A16C40EAC1005C4934314A
:107BC00008605B482C30006820F00C00216C0843F2
:107BD00057492C3108600846006820F00200616CAB
:107BE000084353492C3108600846006840F480304F
:107BF00008600846006840F40030086008460068E5
:107C000002E092E038E01FE040F48020086008467F
:107C1000006840F0010008604548006840F080704E
:107C200043490860FDF7CEFF054606E0FDF7CAFFB1
:107C3000401B022801D90320D5E43D480068C0F369
:107C400040600028F2D070E03948006820F0807071
:107C500037490860FDF7B6FF054606E0FDF7B2FFBD
:107C6000401B022801D90320BDE431480068C0F35D
:107C700040600028F2D158E02D48283007682C4891
:107C800030300668606A012821D007F00301A06A3D
:107C900081421CD1C7F30511E06A884217D1C6F3AF
:107CA0000801206B401E814211D1606B401EC6F35B
:107CB000462188420BD1A06B401EC6F30641884284
:107CC00005D1E06B401EC6F30661884201D0012059
:107CD00089E4174834300068C0F3CC07A06CB84280
:107CE00023D013482C30006820F0010010492C31BB
:107CF0000860FDF767FF054600BFFDF763FF401B07
:107D0000FBD00B48343000684FF6F8718843A16C03
:107D100040EAC10006493431086005482C3000684B
:107D200040F0010002492C31086000205BE40000B3
:107D30000044025800480258704700002DE9F05FE7
:107D40000446206807692068D0F8148007EA08050F
:107D50002068D0F808904FF0000A94F881602068FD
:107D600000F1300B08F40060B0F5006F0ED107F0A1
:107D7000080008280AD12068806940F40060216862
:107D80008861204600F0B9FABDE8F09F05F0400098
:107D900070B905F0200058B905F00400042807D197
:107DA0002046616F88472046216F88474FF0010ABF
:107DB00005F0400050B905F0010038B105F00400AD
:107DC00020B92046216F88474FF0010A05F02000B6
:107DD00058B905F00200022807D105F0040020B9C7
:107DE0002046616F88474FF0010ABAF1000F00D0BA
:107DF000CAE705F00800082863D12068806940F0D0
:107E00000800216888612068806940F010002168BE
:107E100088612068806940F400602168886120687A
:107E2000006920F00800216808612068806800F47B
:107E3000404038BB22E0E0680F2807D92068006B7B
:107E4000616E0860606E001D606612E0E0680728E1
:107E500007D9BBF80000616E0880606E801C606608
:107E600007E0206890F83000616E0870606E401C7A
:107E70006066B4F86A00401EA4F86A00B4F86A00AC
:107E80000028D8D1204604F051FD012084F881005B
:107E9000D4F8840018B12046FFF74EFF74E7052E92
:107EA00003D1204600F0ACFB0AE0042E03D12046AB
:107EB00000F022FA04E0032E02D1204600F09FFBDE
:107EC00062E705F4587000287DD005F0400058B1F5
:107ED000D4F8840040F00400C4F88400206880696D
:107EE00040F040002168886105F4007058B1D4F872
:107EF000840040F00100C4F884002068806940F4E8
:107F000000702168886105F4807058B1D4F884004D
:107F100040F00800C4F884002068806940F4807054
:107F20002168886105F0200058B1D4F8840040F041
:107F30008000C4F884002068806940F02000216837
:107F40008861D4F88400A8B32068006820F001009C
:107F5000216808602068006940F26B31884321681D
:107F6000086109F44040B0F5404F25D12068806891
:107F700020F4404021688860E06F60B11348E16FF1
:107F80000865E06FFBF748FA28B1D4F8840040F0A8
:107F90004000C4F88400A06F60B10C48A16F086570
:107FA000A06FFBF739FA28B1D4F8840040F0400004
:107FB000C4F8840006E006E0012084F88100204631
:107FC000FFF7BAFEE0E600BFDEE6000003CA0008E5
:107FD00070B504460CB9012070BD606A00B900BFDD
:107FE0000021A1626349206888420CD06249206860
:107FF000884208D061492068884204D0E0680F2890
:1080000001D90120E8E7204604F009FD0546594959
:108010002068884209D058492068884205D05749CD
:108020002068884201D0082D0DD852492068884226
:1080300007D051492068884203D0504920688842BF
:1080400003D1102D01D90120C6E794F8810028B989
:10805000002084F88000204600F092F8022084F886
:1080600081002068006820F0010021680860206815
:10807000806800F4F816A069B0F1806F11D16068D3
:10808000B0F5800F01D1A06B28B1606848B9A06B32
:10809000B0F1805F05D12068006840F4805021680D
:1080A0000860606800F48000B0F5800F0BD1E068D4
:1080B000072808D32068006820F48070216D0843E9
:1080C0002168086005E02068006820F4807021685D
:1080D0000860A16AE06908433043E16B0843E16846
:1080E000084321688860616A606B0843A16B08439C
:1080F000A16908432169084361690843216A08436B
:1081000061680843E16C0843A1680843A16C084317
:10811000A16D08432168C860606878B920688068EC
:1081200020F4C05040F400602168886020688068B6
:1081300020F4C06040F48060216888602068006D91
:1081400020F0010021680865606800F48000B0F547
:10815000800F07D12068C06820F00040616D08439F
:108160002168C8600020C4F88400012084F88100E0
:10817000002031E70030014000380040003C004062
:1081800010B5B6B00446142130A8F8F767F9B82145
:1081900002A8F8F763F95149206888427DD181141B
:1081A0000020CDE90210199002A8FEF78DF808B161
:1081B000FAF7CEFC00BF4A48006840F480404849C6
:1081C00008600846006800F48040019000BF00BFCE
:1081D00000BF43480838006840F0040040490839AF
:1081E00008600846006800F00400019000BF00BF6E
:1081F00000BF0846006840F00200086008460068BA
:1082000000F00200019000BF00BF06203090022065
:10821000319000203290032033900520349030A913
:108220003048FDF7D1FB4FF40050309002203190E0
:1082300000203290032033900520349030A92A4842
:10824000FDF7C2FB29482A49086027204860002121
:1082500027488160C1604FF4806101610021416164
:108260008161C1614FF44031016200214162FCF73C
:108270001BF808B1FAF76CFC00BF1D48E067846387
:1082800000BF1A4818301B49086028204860402168
:10829000184881600021C16000E01DE04FF480615A
:1082A0000161002141618161C1614FF400310162CE
:1082B00000214162FBF7F8FF08B1FAF749FC00BF63
:1082C0000C48A067846300BF002205212420FDF72D
:1082D00037FD2420FDF720FD36B010BD00380040EA
:1082E000E8440258000802580004025810000240F6
:1082F00054060024CC060024704770472DE9FF5F28
:1083000004468A4693461E460E9D00200390206830
:108310002030029020683030019000BF94F8800037
:10832000012803D1022004B0BDE8F09F012084F8A9
:10833000800000BFFDF746FC81463746B04694F802
:108340008100012808D00220039000BF002084F89B
:10835000800000BF0398E6E7BAF1000F03D0BBF13D
:10836000000F00D046B90120039000BF002084F820
:10837000800000BF0398D6E7052084F88100002024
:10838000C4F88400C4F864B0A4F86A60A4F8686013
:10839000C4F85CA0A4F86260A4F86060206760671D
:1083A0002068C06820F4C0202168C8602068406848
:1083B0006FF30F003043216848602068006840F088
:1083C0000100216808606068B0F5800F05D1206861
:1083D000006840F4007021680860E0680F284ED9FA
:1083E00047E02068406900F0020002280ED16FB11A
:1083F000E06D006821680862E06D001DE065B4F87A
:108400006200401EA4F86200B4F8627020684069FF
:1084100048F20801084080B1B8F1000F0DD0206883
:10842000006B616E0860606E001D6066B4F86A00E3
:10843000401EA4F86A00B4F86A80FDF7C3FBA0EB05
:108440000900A84201D3681C00B995B9204604F080
:108450006DFA00BF002084F8800000BFD4F88400CB
:1084600040F48070C4F88400012084F88100032067
:1084700059E7002FB5D1B8F1000FB2D19EE0E06806
:1084800007284CD945E02068406900F00200022826
:108490000DD167B154F85C0F018802980180206803
:1084A000801C2060E088401EE080E7885C3C2068FB
:1084B000406900F0010080B1B8F1000F0DD00198C3
:1084C000008854F8641F08802068801C2060E088C1
:1084D000401EE080B4F80680643CFDF773FBA0EB1F
:1084E0000900A84201D3681C00B995B9204604F0E0
:1084F0001DFA00BF002084F8800000BFD4F884007B
:1085000040F48070C4F88400012084F881000320C6
:1085100009E7002FB7D1B8F1000FB4D14EE048E021
:108520002068406900F0020002280FD177B1E06DA9
:108530000078216881F82000E06D401CE065B4F807
:108540006200401EA4F86200B4F8627020684069BE
:1085500000F0010088B1B8F1000F0ED0206890F84B
:108560003000616E0870606E401C6066B4F86A008E
:10857000401EA4F86A00B4F86A80FDF723FBA0EB64
:108580000900A84201D3681C00B995B9204604F03F
:10859000CDF900BF002084F8800000BFD4F884002B
:1085A00040F48070C4F88400012084F88100032026
:1085B000B9E6002FB4D1B8F1000FB1D12B4600229B
:1085C00008212046CDF8009004F036FA28B1D4F8FE
:1085D000840040F02000C4F88400204604F0A6F98E
:1085E00000BF002084F8800000BF012084F88100D3
:1085F000D4F8840008B1012095E6039893E670470B
:1086000070470000034A126882430A43014B1A6014
:10861000704700000404005870477047704700001E
:1086200030B502460B4600BF92F83C00012801D14C
:10863000022030BD012082F83C0000BF022082F8F9
:108640003D001068416810688468254D1068A84294
:1086500003D0244D1068A84203D121F4700158685A
:10866000014321F0700118680143106841601C4DFE
:108670001068A84223D01068B0F1804F1FD01A4D67
:108680001068A8421BD0194D1068A84217D0184D89
:108690001068A84213D0134D1068A8420FD0154D92
:1086A0001068A8420BD0144D1068A84207D0134D93
:1086B0001068A84203D0124D1068A84205D124F0DA
:1086C00080049868044310688460012082F83D00AB
:1086D00000BF002082F83C0000BF00BFA9E70000F7
:1086E0000000014000040140000400400008004078
:1086F000000C0040001800400040014000E0004035
:1087000000E4004010B504460CB9012010BD94F8F7
:108710003D0028B9002084F83C00204600F029F8EC
:10872000022084F83D00211D206804F093FA012006
:1087300084F8480000BF84F83E0001213F20015525
:10874000402001554120015542200155432001554B
:1087500000BF00BF012084F8440045200155462099
:1087600001554720015500BF012084F83D0000203D
:10877000CCE77047014691F83D00012801D0012067
:108780007047022081F83D000868C06840F0010091
:108790000B68D860204B0868984223D00868B0F175
:1087A000804F1FD01D4B086898421BD01C4B086897
:1087B000984217D01B4B0868984213D01A4B086890
:1087C00098420FD0194B086898420BD0184B086894
:1087D000984207D0174B0868984203D0164B086898
:1087E000984210D108688068144B00EA0302062AF8
:1087F0000FD0B2F5803F0CD00868006840F001004F
:108800000B68186005E00868006840F001000B681C
:1088100018600020B4E700000000014000040040A0
:1088200000080040000C0040000401400018004017
:108830000040014000E0004000E40040070001006B
:10884000704710B5044620680069C0F34000D8B1F5
:108850002068C068C0F34000B0B16FF0020021682A
:108860000861012020772068806900F0030018B1BA
:108870002046FFF7E5FF05E0204600F0EDF8204632
:1088800000F0F2F90020207720680069C0F3800032
:10889000D8B12068C068C0F38000B0B16FF00400A8
:1088A00021680861022020772068806900F4407008
:1088B00018B12046FFF7C4FF05E0204600F0CCF8D1
:1088C000204600F0D1F90020207720680069C0F32D
:1088D000C000D8B12068C068C0F3C000B0B16FF06C
:1088E000080021680861042020772068C06900F032
:1088F000030018B12046FFF7A3FF05E0204600F073
:10890000ABF8204600F0B0F900202077206800691D
:10891000C0F30010D8B12068C068C0F30010B0B137
:108920006FF0100021680861082020772068C06976
:1089300000F4407018B12046FFF782FF05E02046A2
:1089400000F08AF8204600F08FF900202077206898
:10895000006900F0010058B12068C06800F0010013
:1089600030B16FF0010021680861204600F07DF908
:1089700020680069C0F3C01058B12068C068C0F317
:10898000C01030B16FF08000216808612046FFF709
:1089900044FE20680069C0F3002058B12068C06818
:1089A000C0F3C01030B16FF48070216808612046B8
:1089B000FFF732FE20680069C0F3801058B12068CC
:1089C000C068C0F3801030B16FF0400021680861CA
:1089D000204600F053F920680069C0F3401058B1F8
:1089E0002068C068C0F3401030B16FF020002168EB
:1089F00008612046FFF712FE10BD000010B586B0DA
:108A00000446142101A8F7F729FD1049206888427F
:108A100019D100BF0E48006840F002000C49086000
:108A20000846006800F00200009000BF00BF02206E
:108A3000019002900020039004900220059001A96B
:108A40000448FCF7C1FF06B010BD00000004004060
:108A5000E04402580004025870472DE9F0410446F2
:108A60000D461646002700BF94F83C00012802D1AD
:108A70000220BDE8F081012084F83C0000BF0C2EEC
:108A800051D005DC4EB1042E1ED0082E7AD133E031
:108A9000102E60D0142EF9D175E02946206804F01C
:108AA00049F92068806940F00800216888612068E1
:108AB000806920F004002168886120688069296944
:108AC00008432168886178E02946206804F088F925
:108AD0002068806940F400602168886120688069AE
:108AE00020F480602168886120688069296940EAF3
:108AF00001202168886160E02946206804F0CAF9F5
:108B00002068C06940F008002168C8612068C06919
:108B100020F004002168C8612068C0692969084301
:108B20002168C86149E02946206804F00DFA2068F0
:108B3000C06940F400602168C8612068C06920F401
:108B400080602168C8612068C069296940EA012005
:108B50002168C86131E02946206804F02FFA2068B6
:108B6000406D40F00800216848652068406D20F0A5
:108B70000400216848652068406D29690843216820
:108B800048651AE017E02946206804F04FFA20688B
:108B9000406D40F40060216848652068406D20F415
:108BA0008060216848652068406D296940EA01209D
:108BB0002168486501E0012700BF00BF00BF002019
:108BC00084F83C0000BF384653E710B504460CB9A2
:108BD000012010BD94F83D0028B9002084F83C0025
:108BE000204600F029F8022084F83D00211D20686D
:108BF00004F030F8012084F8480000BF84F83E00FB
:108C000001213F20015540200155412001554220BE
:108C100001554320015500BF00BF012084F84400E6
:108C200045200155462001554720015500BF012030
:108C300084F83D000020CCE708B5094A016891425C
:108C40000DD100BF0749096841F00201054A1160D2
:108C50001146096801F00201009100BF00BF08BD84
:108C600000040040E8440258704710B504462068EC
:108C7000B0F1804F01D1FCF7ABFF10BD704701464A
:108C800000BF91F88400012801D102207047012023
:108C900081F8840000BF2420C1F8880008680268B9
:108CA0000868006820F001000B68186022F000528C
:108CB00000204866086802602020C1F8880000BFD4
:108CC000002081F8840000BF00BFDFE770477047D5
:108CD00070B504460D4600BF94F88400012801D108
:108CE000022070BD012084F8840000BF2420C4F855
:108CF0008800206806682068006820F0010021686C
:108D000008602068806820F06060284321688860DF
:108D1000204604F0CBF9206806602020C4F88800C3
:108D200000BF002084F8840000BF00BFD9E770B501
:108D300004460D4600BF94F88400012801D10220AA
:108D400070BD012084F8840000BF2420C4F888008E
:108D5000206806682068006820F00100216808602B
:108D60002068806820F060402843216888602046A1
:108D700004F09CF9206806602020C4F8880000BF39
:108D8000002084F8840000BF00BFD9E77047704717
:108D9000704700002DE9F04704462068C569206847
:108DA00006682068876840F60F0005EA0009B9F1F7
:108DB000000F0FD105F0200060B106F0200010B9BF
:108DC00007F0805030B1606F10B12046616F884766
:108DD000BDE8F087B9F1000F7ED0FE48384018B9E1
:108DE000FD4830400028F7D005F0010058B106F4E6
:108DF000807040B1012021680862D4F8900040F0F2
:108E00000100C4F8900005F0020058B107F001001D
:108E100040B1022021680862D4F8900040F00400BC
:108E2000C4F8900005F0040058B107F0010040B10B
:108E3000042021680862D4F8900040F00200C4F8D1
:108E4000900005F0080070B106F0200010B9E1486C
:108E5000384040B1082021680862D4F8900040F002
:108E60000800C4F8900005F4006060B106F080606E
:108E700048B14FF4006021680862D4F8900040F0D7
:108E80002000C4F89000D4F89000002852D005F0DB
:108E9000200050B106F0200010B907F0805020B13A
:108EA000606F10B12046616F8847D4F890A02068A9
:108EB000806800F04000402802D00AF0280070B31B
:108EC000204604F07DFA2068806800F040004028C9
:108ED00026D100BF00BF00E02DE02168083151E835
:108EE000001F21F040002168083141E80002002AFB
:108EF000F1D100BFD4F8800068B1B848D4F8801030
:108F00000865D4F88000FAF787FA98B1D4F88000A1
:108F1000016D88470EE02046FFF73AFF0AE003E0C4
:108F20002046FFF735FF05E02046FFF731FF002020
:108F3000C4F890004CE7E06E01287DD105F01000E8
:108F4000002879D006F010000028FAD010202168FF
:108F500008622068806800F0400040286DD1D4F895
:108F6000800000689E4988426BD0D4F88000006879
:108F70009B491831884264D0D4F880000068984931
:108F8000303188425DD0D4F880000068944948317F
:108F9000884256D0D4F880000068914960318842F8
:108FA0004FD0D4F8800000688D497831884248D08D
:108FB000D4F8800000688A499031884241D0D4F8C2
:108FC000800000688649A83188423AD0D4F88000F1
:108FD00000688449884234D0D4F880000068814910
:108FE000183188422DD0D4F8800000687D49303196
:108FF000884226D0D4F8800000687A4948318842F7
:109000001FD0D4F88000006876496031884218D0BB
:10901000D4F88000006873497831884211D0D4F8C0
:10902000800000686F49903188420AD0D4F88000EF
:1090300000686C49A83102E0AEE069E001E08842D6
:1090400004D1D4F880000068406803E0D4F88000C0
:10905000006840681FFA80F8B8F1000F57D0B4F8E4
:109060005C00404553DDA4F85E80D4F88000C06900
:10907000B0F5807F40D000BF00BF216851E8001FDD
:1090800021F48070226842E800010029F5D100BF78
:1090900000BF00BF2168083151E8001F21F0010026
:1090A0002168083141E80002002AF3D100BF00BF67
:1090B00000BF2168083151E8001F21F040002168FD
:1090C000083141E80002002AF3D100BF2020C4F893
:1090D0008C000020E06600BF00BF216851E8001F3F
:1090E00021F01000226842E800010029F5D100BFFC
:1090F000D4F88000F9F722FF02202067B4F85C0062
:10910000B4F85E20801A81B22046FFF7DFFD5FE6EB
:1091100034F85C0F6188401A1FFA80F860885C3C64
:10912000C8B3B8F1000F36D000BF00BF216851E8C6
:10913000001F21F49070226842E800010029F5D157
:1091400000BF00BF00BF2168083151E8001F214A5D
:10915000D24301EA02002168083141E80002002AF6
:10916000F1D100BF2020C4F88C000020E0666067C9
:1091700000BF00BF216851E8001F21F010002268E5
:1091800042E800010029F5D100BF022020674146D6
:109190002046FFF79BFD1BE605F4801050B107F455
:1091A000800038B14FF48010216808622046FFF734
:1091B000EEFD0DE605F08000B0B106F0800010B9BC
:1091C00007F4000080B1A06F10B12046A16F88475E
:1091D000FEE500000100001020010004E7D20008B5
:1091E000100002401004024005F0400030B106F0CB
:1091F000400018B1204604F019F9E9E505F4000033
:1092000030B106F0804018B12046FFF7BFFDDFE522
:1092100005F0807030B106F0004018B12046FFF72D
:1092200056FDD5E500BFD3E510B504460CB90120C5
:1092300010BDA06900B100E000BFD4F8880028B9D3
:10924000002084F88400204600F02AF82420C4F886
:1092500088002068006820F001002168086020462E
:1092600004F01CF9012800D1E2E7A06A10B1204601
:1092700003F048FF2068406820F49040216848606F
:109280002068806820F02A002168886020680068D3
:1092900040F0010021680860204603F0AFFFC7E7F7
:1092A00010B5B6B00446142130A8F7F7D7F8B821A6
:1092B00002A8F7F7D3F83149206888425BD1022130
:1092C0000020CDE902101F9002A8FCF7FDFF08B1B5
:1092D000F9F73EFC00BF2A48006840F0804028496A
:1092E00008600846006800F08040019000BF00BFA1
:1092F00000BF23480838006840F0100020490839B2
:1093000008600846006800F01000019000BF00BF30
:109310004FF4C07030900220319000203290339092
:109320000720349030A91748FCF74EFB1648174920
:109330000860502048604021144881600021C160CD
:109340004FF480610161002141618161C16101626D
:109350004162FAF7A9FF08B1F9F7FAFB00BF0B4821
:10936000E067846300BF002205215220FCF7E8FC7F
:109370005220FCF7D1FC36B010BD00000078004050
:10938000E84402580010025840000240240800241B
:1093900070B504460E461546D4F8880020283FD103
:1093A00006B10DB9012070BD44F8506FA580E5806D
:1093B000002020642120A063E06A503CE0B11948FD
:1093C000E16FC8631848E16F08641848E16FC8642A
:1093D0000020E16F0865236803F128022B46216D08
:1093E000E06FFBF7EBF938B11020C4F890002020B3
:1093F000C4F888000120D6E740202168086200BF39
:1094000000BF2168083151E8001F41F08000216849
:10941000083141E80002002AF3D100BF0020C2E772
:109420000220C0E75DD30008B1D30008FFD20008D6
:109430007047704770B5044600202074A37B484DE8
:109440002D8803FB05F26168D4F8FC00F6F7EDFF08
:10945000A27B434B1B8802FB03F16068F6F7FEFF1B
:10946000A27B3F4B1B885A43A37B02FB03F1D4F83A
:109470002401F6F7F3FF227B394B1B885A43A37B69
:1094800002FB03F1D4F81801F6F7E8FF002031E001
:10949000D4F8FC1001EB800191ED000AB5EEC00A92
:1094A000F1EE10FA24D0D4F8FC1001EB800191ED1C
:1094B000000A227CD4F8FC1001EB820181ED000A45
:1094C000227C616A8854A16901EB800191ED000A58
:1094D0006169095C227B237C12FB0311491ED4F8CD
:1094E000182102EB810181ED000A217C491C2174C5
:1094F000411CC8B2A17B8142CADC002011E0626A33
:10950000125CE16901EB820191ED000A227C00FB13
:109510000202D4F8241101EB820181ED000A411C02
:10952000C8B2217C8142EADC207CA4F88000217B47
:1095300082200153207BA4F88800217C8A200153DB
:10954000207CA4F89800217C9A200153207BA4F869
:10955000A000217CA2200153207CA4F8480070BD0B
:109560007001002400BFFEE710B5044654F8F40F64
:1095700090ED000A844880ED000A206890ED010A11
:10958000824880ED000A206890ED020A804880ED54
:10959000000A54F8F40990ED030A7E4880ED000AB1
:1095A0007948D0ED000A60EEA00A784890ED001AE4
:1095B000D0ED001A41EE210A754890ED001AD0ED69
:1095C000001A41EE210A734890ED001AD0ED001AFE
:1095D00041EE210AB0EE600A07F088FA6E4880ED8D
:1095E000000A002012E0D4F8F41001EB800191EDA4
:1095F000000A6949D1ED000A20EE200AD4F8F410DF
:1096000001EB800181ED000A411CC8B20428EADBAD
:10961000624890ED710A5D48D0ED000A20EE200A04
:10962000F0EE000A80EE201A04F58074A06880ED48
:10963000041A5A4890ED710A5548D0ED000A20EE00
:10964000200AF0EE000A80EE201AA06880ED051ACC
:10965000524890ED710A4C48D0ED000AF1EE600AD4
:1096600020EE200AF0EE000A80EE201AA06880EDBD
:109670000A1A4A4890ED710A4648D0ED000A20EED9
:10968000200AF0EE000A80EE201AA06880ED0B1A86
:10969000424890ED710A3F48D0ED000AF1EE600AB1
:1096A00020EE200AF0EE000A80EE201AA06880ED7D
:1096B000101A3A4890ED710A3348D0ED000AF1EEE5
:1096C000600A20EE200AF0EE000A80EE201AA06860
:1096D00080ED111A314890ED710A2D48D0ED000A45
:1096E00020EE200AF0EE000A80EE201AA06880ED3D
:1096F000161A2A4890ED710A2448D0ED000AF1EEBE
:10970000600A20EE200AF0EE000A80EE201AA0681F
:1097100080ED171A206890ED1C0A2048D0ED760ADB
:1097200080EE201A206880ED1C1A206890ED230A34
:109730001A48D0ED760A80EE201A206880ED231AB0
:109740002068A4F5807490ED1C0ADFED150AB4EED4
:10975000E00AF1EE10FA05DD9FED110AD4F80001E0
:1097600080ED1C0AD4F8000190ED230ADFED0C0A0D
:10977000B4EEE00AF1EE10FA05DD9FED090AD4F827
:10978000000180ED230A10BD2C01002430010024CB
:1097900034010024380100243C010024580900242D
:1097A00000401C4610B52DED068BF0EE408AB0EE61
:1097B00060AAB0EE419AB0EE618AF0EE429A0120C2
:1097C0003A4908700846C0ED6E8A80ED6FAA80EDB8
:1097D000709A9FED370A80ED750A002081F84401E8
:1097E0000A46C2F84801C2F84C010021C2F85011E3
:1097F000C2F85411B7EE000AB4EEC08AF1EE10FAC6
:1098000003DDB7EE000AB0EE408A284880ED768A84
:10981000C0ED669A032300220621001D01F0A0F985
:10982000244B01221146A3F10800F7F76AF9B7EEBD
:10983000000A1E48D0F8F40080ED000A9FED1E0AD1
:109840001A48D0F8F40080ED010A9FED1B0A174872
:10985000D0F8F40080ED020A9FED170A1348D0F803
:10986000F40080ED030A15491048C0F8D8101449D7
:10987000C0F8DC101349C0F8E0101349C0F8E41038
:10988000012180F82E1080F82F1001469022D1F887
:109890000C010E49F6F7C9FD04499022D1F80401E4
:1098A0000B49F6F7C2FDBDEC068B10BD580900242C
:1098B00077CC2B32280B002400000000D59800083C
:1098C000699500080D99000869A000089C2101080D
:1098D0008800002410B5044690220948D4F80011ED
:1098E000F6F7A3FD48220748D4F82811F6F79DFDA6
:1098F00048220548D4F81811F6F797FD10BD00006E
:1099000088000024400B0024880B002410B5044676
:1099100054F8F40F90ED000AF0EE000A20EE200A51
:109920003F4880ED000A206890ED010AF0EE000A41
:1099300020EE200A3B4880ED000A206890ED020AE4
:10994000F0EE000A20EE200A374880ED000A206879
:1099500090ED030AF0EE000A20EE200A334880ED75
:10996000000A14F8E62C324B1B885A4314F8E83CE2
:1099700002FB03F1606AF6F771FD2B4890ED000AD7
:10998000B1EE400A606A80ED000A284890ED000AB6
:10999000606A80ED010A224890ED000AB1EE400AAB
:1099A000606A80ED020A1F4890ED000A606A80ED4F
:1099B000030A1C4890ED000A606A80ED060A184808
:1099C00090ED000A606A80ED070A184890ED000AE1
:1099D000606A80ED080A144890ED000A606A80ED24
:1099E000090A0F4890ED000A606A80ED0C0A0D48E4
:1099F00090ED000AB1EE400A606A80ED0D0A0A4857
:109A000090ED000AB1EE400A606A80ED0E0A074848
:109A100090ED000A606AF43C80ED0F0A10BD000072
:109A20004001002444010024480100244C0100248A
:109A30007001002410B52DED088BB0EE40ABB0EEF8
:109A400041BAF0EE618AB0EE429BB0EE438AFE4826
:109A5000007858B99FEDFD2AF7EE001A9FEDFC1A29
:109A6000DFEDFC0AB2EE040AFFF79CFEF64880ED3B
:109A7000718A90ED5A0A3AEE400A80ED5D0A90ED47
:109A80005B0A3AEEC00A80ED5E0A90ED5C0A3BEE9E
:109A9000400A80ED5F0A90ED5D0AF6EE000A20EEC6
:109AA000200A20EE080AEC4880ED000AE64890ED16
:109AB0005E0AF6EE000A20EE200A20EE080AE748C9
:109AC00080ED000AE04890ED5F0AF6EE000A20EE15
:109AD000200A20EE080AE24880ED000ADA499022C6
:109AE000D1F80C01DF49F6F7A0FCDB4890ED000A45
:109AF000B1EE400AD448D0F80C0180ED010AD748F5
:109B000090ED000AB1EE400ACF48D0F80C0180ED8C
:109B1000020AD34890ED000AB1EE400ACA48D0F8D4
:109B20000C0180ED030ACC4890ED000AC648D0F83D
:109B30000C0180ED060ACA4890ED000AC248D0F830
:109B40000C0180ED080AC54890ED000AB1EE400A0C
:109B5000BD48D0F80C0180ED090AC04890ED000A1C
:109B6000B948D0F80C0180ED0C0ABD4890ED000A10
:109B7000B1EE400AB448D0F80C0180ED0D0AB648A9
:109B800090ED000AB048D0F80C0180ED0F0AB448FF
:109B900090ED000AAC48D0F80C0180ED120AAF48F5
:109BA00090ED000AA848D0F80C0180ED130AAA48ED
:109BB00090ED000AB1EE400AA348D0F80C0180ED08
:109BC000140AA148D0F85011D0F85401002359408C
:109BD0005840014306D19C48C0ED608A80ED619AEF
:109BE000C0ED629A984890ED600AD0ED660A60EE8A
:109BF000200A90ED710A90ED661A30EE011A80EE9F
:109C0000810AD0ED710A90ED661A70EE810A90ED2E
:109C1000711A21EE281AC1EE201A30EE210A80EDC9
:109C2000600A90ED610AD0ED660A60EE200A90EDC0
:109C3000710A90ED661A30EE011A80EE810AD0EDBD
:109C4000710A90ED661A70EE810A90ED711A21EE9C
:109C5000091AC1EE201A30EE210A80ED610A90ED5A
:109C6000620AD0ED660A20EE200AD0ED710A90ED6E
:109C7000661A30EE811AC0EE010A90ED710A90ED7D
:109C8000661A30EE010A90ED711A21EE291AC1EE22
:109C9000001A30EEA10A80ED620AD0ED600A60EE93
:109CA000A00A90ED611AD0ED611A41EE210A90ED03
:109CB000621AD0ED621A41EE210AB0EE600A06F097
:109CC00015FF694880ED000A002011E0674901EBAB
:109CD000800191ED000A6449D1ED000A20EE200ACE
:109CE0005949896801EB800181ED000A411CC8B225
:109CF0000328EBDB5448D0ED5D0A60EEA00A90ED3E
:109D00005E1AD0ED5E1A41EE210A90ED5F1AD0ED99
:109D10005F1A41EE210AB0EE600A06F0E7FEF7EEA8
:109D2000000A80EE801A484880ED671A4E4890ED90
:109D3000000AF7EE000A80EE801A434880ED681AA8
:109D400090ED670ADFED4A0AB4EEE00AF1EE10FA90
:109D500016D290ED680ADFED470AB4EEE00AF1EEA4
:109D600010FA0DDD90ED680ADFED430AB4EEE00A6B
:109D7000F1EE10FA04D20120334981F8450103E0E5
:109D80000020314981F845012F4890ED6E0AD0ED51
:109D9000710A20EE200AD0F8240180ED000A2A483A
:109DA00090ED6E0AD0ED710A20EE200AD0F8240161
:109DB00080ED070A244890ED6E0AD0ED710A20EE7E
:109DC000200AD0F8240180ED0E0A1F4890ED6E0A9B
:109DD000D0ED710A20EE200AD0F8240180ED150A9A
:109DE000194890ED6F0AD0ED710A20EE200AD0F8E4
:109DF000240180ED1C0A144890ED6F0AD0ED710A21
:109E000020EE200AD0F8240180ED230A0E4890EDC0
:109E1000700AD0F8280180ED000A0B4890ED700A16
:109E2000D0F8280180ED040A074890ED700AD0F8B8
:109E3000280180ED080A0448001D01F011FB0248CA
:109E4000406890ED000A19E0580900240000000065
:109E50008096184B6F12833A1C01002420010024C5
:109E6000240100249C21010828010024D80A002490
:109E70009A99993ECDCC1441CDCC2441744880EDC3
:109E8000560A406890ED010A714880ED570A406813
:109E900090ED020A6E4880ED580A406890ED030A82
:109EA0006B4880ED590A406890ED040A684880EDDF
:109EB0005A0A406890ED050A654880ED5B0A6548DE
:109EC00090ED000A624880ED5C0A90ED561A21EE92
:109ED000011AD0ED571A90ED572A01EE821AF7EECB
:109EE000001AB0EE002A52EE011AF0EE610A90ED6F
:109EF000561AD0ED591A21EE211AD0ED571A90EDCD
:109F0000582A01EE821AF0EE001A21EE211AB0EE64
:109F1000410A04F02FFEDFED500A20EE200A4C48E3
:109F200080ED6C0A90ED561A21EE011AD0ED591A07
:109F300090ED592A01EE821AF7EE001AB0EE002ACF
:109F400052EE011AF0EE610A90ED561AD0ED571A52
:109F500021EE211AD0ED581A90ED592A01EE821AFD
:109F6000F0EE001A21EE211AB0EE410A04F002FED2
:109F7000DFED390A20EE200A354880ED6B0AD0ED7E
:109F8000570A90ED591A60EE810A90ED561AD0EDFD
:109F9000581A41EE610AB8EE001A60EE810AB0EE7E
:109FA000600A04F04BFDDFED2C0A20EE200A284861
:109FB00080ED6A0A90ED6C0AD0ED780A30EE600A06
:109FC000DFED260AB4EEE00AF1EE10FA07DDB0F894
:109FD000DC01401E00B21E49A1F8DC0114E01C485F
:109FE00090ED6C0AD0ED780A30EE600ADFED1C0AC5
:109FF000B4EEE00AF1EE10FA06D2B0F8DC01401C33
:10A0000000B21349A1F8DC01114890ED6C0AB0F9D7
:10A01000DC0100EE900AF8EEE00A9FED121A01EE64
:10A02000200A0B4880ED6D0A90ED6C0A80ED780AED
:10A03000D0F85021D0F85401521C40F100000449DE
:10A04000C1F85021C1F85401BDEC088B10BD0000CF
:10A050005809002418010024E12E65420000344311
:10A06000000034C30000B44370B52DED028B0446EC
:10A0700004F1880104F18000F6F7A6FF84F8D0000F
:10A08000B4F88000A4F8B0005A20015BB22001535C
:10A0900004F1B00204F1580104F18000F6F79CFECF
:10A0A00084F8D000B4F8B000A4F8B8008A20015BAE
:10A0B000BA20015304F1B80204F1880104F1B000A0
:10A0C000F6F78AFE84F8D000B4F89800A4F8A80047
:10A0D0009A20015BAA20015304F1A80204F198011F
:10A0E00004F1B800F6F7AEFC84F8D00004F1B80132
:10A0F00004F1A800F6F70AFDB4342077206C90ED47
:10A10000000AFD4880ED000A206C90ED010AFB4832
:10A1100080ED000A206C90ED020AF94880ED000AFB
:10A12000206C90ED030AF74880ED000A34F8340CF7
:10A13000A081B43C0121C2200153F04890ED000AF7
:10A14000F048D0ED000A20EE200AEB48D0ED000ADE
:10A15000EB4890ED001A00EEC10AF0EE000A20EE86
:10A16000200AD4F8380180ED000AE34890ED000A97
:10A17000E248D0ED000A20EE200AE148D0ED000AC6
:10A18000E04890ED001A00EE810AF0EE000A20EEA1
:10A19000200AD4F8380180ED010AD74890ED000A72
:10A1A00020EE000AD548D0ED000A90ED001A00EE2E
:10A1B000C10AD348D0ED000A90ED001A00EEC10AA2
:10A1C000D048D0ED000A90ED001A00EE810AD4F8D4
:10A1D000380180ED020A002514E0D4F8380100EBC4
:10A1E000850090ED000AF0EEC00AB0EE608AB0EE95
:10A1F000480A04F091FBC44800EB850080ED000A9A
:10A20000681CC5B2032DE8DBB4F84800A4F8C80008
:10A210000121CA20015304F1C80204F1C00104F174
:10A220004800F6F771FE84F8D000B4F8C800A4F82E
:10A23000B0000121B220015304F1B00204F1C801C1
:10A2400004F1B800F6F7C8FDC03420740120208066
:10A250002189C03CC220015304F1C00104F1C800AF
:10A26000F6F7B2FE84F8D000A74A3C3204F1B00100
:10A2700004F1C000F6F7B0FD84F8D000A34890EDDB
:10A28000740AD0ED750AB6EE001A60EE810AB4EEDB
:10A29000E00AF1EE10FA03D201209C4981F8440152
:10A2A0009A4890ED740AD0ED750AB4EEE00AF1EE2A
:10A2B00010FA46DD90F84401002842D0934890F807
:10A2C000450168B19148D0F84831D0F84C01591C8B
:10A2D00040F100008D4AC2F84811C2F84C0105E077
:10A2E00000208A4AC2F84801C2F84C01874800F5AC
:10A2F000A4700CC80020D2F13201984106D200208F
:10A30000824981F8440184F82C004AE0237B804D87
:10A310002D8803FB05F2D4E93C01F6F786F8237B90
:10A320007B4D2D886B43257B03FB05F204F5807084
:10A3300003C8F6F77AF8012084F82C00BDEC028BF4
:10A3400070BD724890ED740AD0ED750A9FED711AD8
:10A3500060EE810AB4EEE00AF1EE10FA14DD90F836
:10A36000440188B1694890ED750AD0ED740A30EE69
:10A37000600AD0ED750A9FED681A60EE810A80EEE2
:10A38000201A80ED691A04E0B7EE000A5F4880EDFC
:10A39000690A00205D4AC2F84801C2F84C0184F8FD
:10A3A0002C00B4F85800A4F8B0008A20015BB22059
:10A3B000015304F1B00204F1880104F15800F6F7EA
:10A3C0000BFD84F8D00004F1A00204F1B80104F1FF
:10A3D000B000F6F701FD84F8D000002012E0D4F8B8
:10A3E000281101EB800191ED000A4849D1ED690A7D
:10A3F00020EE200AD4F8281101EB800181ED000A3B
:10A40000411CC8B2B4F8A010A222125B5143814291
:10A41000E5DC042025E000211FE0021F3A4B03EB9E
:10A42000820292ED000ADFED3D0A80EE201A00EB79
:10A4300040030B44D4F8282102EB830292ED000A7A
:10A4400021EE000A00EB40030B44D4F8282102EB74
:10A45000830282ED000A4A1CD1B20329DDDB411CD4
:10A46000C8B20628D7DBB4F8A000A4F8C0000121C8
:10A47000C220015304F1C00204F1C80104F1A0009C
:10A48000F6F7AAFC84F8D000204890F8440190B375
:10A49000042057E0C421095901EB800191ED000A25
:10A4A0001A49D1ED710A9FED1E1A60EE810AB4EED1
:10A4B000E00AF1EE10FA0BDD91ED710ADFED180AFA
:10A4C00020EE200AC421095901EB800181ED000A28
:10A4D000C421095901EB800191ED000A0B49D1ED2E
:10A4E000710A9FED101A60EE810AB4EEE00AF1EEF7
:10A4F00010FA25D218E027E050010024540100246E
:10A50000580100245C010024E40A002458090024B6
:10A5100070010024CDCCCC3D6666663FDA0FC93FA2
:10A520000AD7233C0AD723BC91ED710A5FED030AD9
:10A5300020EE200AC421095901EB800181ED000AB7
:10A54000411CC8B20628A5DB9FED080AC4200059AB
:10A5500080ED030A04F1300204F1C00104F1380077
:10A56000F6F770FA84F8D00000BFE7E600000000BC
:10A5700010B59FED0F1ADFED0F0AB7EE000A0E4877
:10A5800006F0E2FA9FED0B2AF7EE001A9FED0B1A88
:10A59000DFED0B0AB2EE040AFFF704F99FED090A9A
:10A5A000094880ED160A9FED090A80ED170A10BDD3
:10A5B0006F12833A00000000B88700248096184B81
:10A5C0000AD7233C96430B3C08870024BC74133CF9
:10A5D00000BF00F001F8FCE70EB5FFF7C9FFACE2E1
:10A5E000FD48F8F71BF9FD4880ED000A90ED000AE0
:10A5F000FB4880ED020AFB48F6F7AEFDF94890ED06
:10A60000030AF948D0ED040A70EE600A90ED170ACB
:10A61000F24890ED001A30EE011A80EE810AF248FD
:10A62000D0ED070A90ED171A60EE810A90ED171A27
:10A63000EA48D0ED001A31EE211AC0EE811A30EE50
:10A64000210AE94880ED070AE64890ED040AE64849
:10A65000D0ED050A70EE600A90ED170ADF4890ED24
:10A66000001A30EE011A80EE810ADF48D0ED080AA8
:10A6700090ED171A60EE810A90ED171AD748D0EDC9
:10A68000001A31EE211AC0EE811A30EE210AD648A6
:10A6900080ED080AD34890ED050AD348D0ED060AAC
:10A6A00070EE600A90ED170ACC4890ED001A30EE7B
:10A6B000011A80EE810ACC48D0ED090A90ED171AF4
:10A6C00060EE810A90ED171AC448D0ED001A31EE01
:10A6D000211AC0EE811A30EE210AC34880ED090A22
:10A6E000C04890ED000AC04880ED0A0ABD4890EDD0
:10A6F000010ABD4880ED0B0ABA4890ED020ABA483B
:10A7000080ED0C0AB74890ED000AB84880ED000AC9
:10A71000B44890ED010AB54880ED010AB14890EDCA
:10A72000020AB24880ED020AAE4890ED030AAE4834
:10A7300080ED040AAB4890ED040AAB4880ED050AB1
:10A74000A84890ED050AA84880ED060AA54890EDB6
:10A75000030AA74880ED000AA24890ED040AA44825
:10A7600080ED010A9F4890ED050AA14880ED020A9C
:10A770009D4890ED0C3AF0EE432A90ED0B3AB0EE86
:10A78000432A90ED0A3AF0EE431A90ED063AB0EE05
:10A79000431A90ED053AF0EE430A90ED043AB0EE1C
:10A7A000430A8E4890ED003AFFF744F98E499148EC
:10A7B000D0E91734826D406E81E81C00C8600A46FB
:10A7C00060318D48F6F7FCFE874A02F16C018B4838
:10A7D000F6F7F6FE844A02F178018948F6F7F0FEB2
:10A7E000814A69468748F8F706F9002039E07E4932
:10A7F000283101EB800191ED000A694601EB8001EF
:10A80000D1ED000A30EE600A7449D1ED000A60EE25
:10A81000200A754991ED160A704991ED001A30EE43
:10A82000011A80EE810A7049343101EB8001D1EDCB
:10A83000000A6D4991ED161A60EE810A91ED161A23
:10A840006649D1ED001A31EE211AC0EE811A30EEC0
:10A85000210A6549343101EB800181ED000A411C78
:10A86000C8B20328C3DB604890ED0D0AD0ED050A9D
:10A870009FED651A60EE810A90ED051A00EE810ADF
:10A88000D0ED080A9FED611A01EE600AD0ED060ACC
:10A890009FED5D1A60EE810A90ED061A00EE810AC6
:10A8A000D0ED090A9FED5A1A01EE200A80ED100A38
:10A8B00090ED0E0AD0ED060A9FED551A60EE810A62
:10A8C00090ED061A00EE810AD0ED090A9FED4E1AAE
:10A8D00001EE600AD0ED040A9FED4D1A60EE810A88
:10A8E00090ED041A00EE810AD0ED070A9FED471A99
:10A8F00001EE200A80ED110A90ED0E0AD0ED040A57
:10A900009FED421A60EE810A90ED041A00EE810A72
:10A91000D0ED070A9FED3E1A01EE600AD0ED050A60
:10A920009FED3A1A60EE810A90ED051A00EE810A59
:10A93000D0ED080A9FED341A01EE200A80ED120ACC
:10A94000024600F14C014030F6F73AFE264890ED01
:10A95000130AF0EEC00A9FED2F0AF4EEC00AF1EEE2
:10A9600010FA03D29FED280A80ED130A1E4890EDDD
:10A97000140AF0EEC00A9FED270AF4EEC00AF1EEC9
:10A9800010FA03D29FED200A80ED140A164890EDCC
:10A99000150AF0EEC00A9FED200AF4EEC00AF1EEAF
:10A9A00010FA08D29FED180A80ED150A1B480068BE
:10A9B000401C1A4908601A4890ED000ADFED190A98
:10A9C000B4EEE00AF1EE10FA7EDD074890ED290AB8
:10A9D000D0ED140A28E00000280200242C020024F4
:10A9E000B8870024F408002408870024488800243D
:10A9F0003C880024580A0024382201084422010817
:10AA0000502201081C020024000000000AD723BCC9
:10AA1000CDCC4CBD0AD7A33B6F12033B34020024BC
:10AA20003002002400803B459FED441A00EE810A6D
:10AA300080ED290A90ED2A0AD0ED290A9FED3F1AF0
:10AA400000EE810A80ED2A0A01203D4981F8AC0020
:10AA50003C4890ED6B0ADFED3C0A20EE200ADFED6A
:10AA60003B0A80EE201A084680ED241A354890ED06
:10AA70006A0ADFED350A20EE200ADFED340A80EEA7
:10AA8000201A084680ED231A2E4890ED6C0ADFED5F
:10AA90002E0A20EE200ADFED2D0A80EE201A08464D
:10AAA00080ED251A90ED250AD0ED270A30EE600AD8
:10AAB000DFED270AB4EEE00AF1EE10FA0ADD90EDC0
:10AAC000280AF7EE000A00E02AE030EE600A80ED86
:10AAD000280A15E01A4890ED250AD0ED270A30EE35
:10AAE000600ADFED1C0AB4EEE00AF1EE10FA07D2BC
:10AAF00090ED280AF7EE000A30EE200A80ED280AD1
:10AB00000F4890ED250AD0ED280A9FED131A01EEAB
:10AB1000200A80ED260A90ED250A80ED270A08E03C
:10AB20000E4890ED000AF7EE000A30EE200A80EDA4
:10AB3000000A012006F0CCFA00BF51E56F12833AFB
:10AB40000887002458090024DB0F494000003443E3
:10AB5000DA0F4940DA0F49C0560EC94030020024CE
:10AB60000FB583B00420FE4908800820FD49088005
:10AB7000DDE9031008730399059848730399069853
:10AB800088730021039801740698029006F0ECFC8B
:10AB900003994861069802900398406901900299D0
:10ABA000F5F75CFCEE48008806994843029006F0F1
:10ABB000DBFC03998861EA480088069948430290C3
:10ABC0000398806901900299F5F748FCE4480088F1
:10ABD00006994843029006F0C7FC0399C861E04813
:10ABE00000880699484302900398C0690190029931
:10ABF000F5F734FCDA48008804994843029006F0DF
:10AC0000B3FC03990862D64800880499484302902F
:10AC10000398006A01900299F5F720FC06980290CB
:10AC200006F0A2FC03994862069802900398406AD5
:10AC300001900299F5F712FCC9480088049948432D
:10AC4000029006F091FC03990860C54800880499B9
:10AC5000484302900398006801900299F5F7FEFBC3
:10AC6000BF48008806994843029006F07DFC03998E
:10AC70004860BB48008806994843029003984068A2
:10AC800001900299F5F7EAFBB54800880599484319
:10AC9000029006F069FC03998860B1480088059924
:10ACA000484302900398806801900299F5F7D6FB1B
:10ACB000AB48008804994843029006F055FC03997C
:10ACC000C1F8F000A6480088049948430290039810
:10ACD000D0F8F00001900299F5F7C0FB0398D0F886
:10ACE000F00002900398007B019001220146DDE90B
:10ACF00002303030F5F705FF994800880499484341
:10AD0000029006F031FC0399C1F8F40094480088E1
:10AD10000499484302900398D0F8F40001900299F6
:10AD2000F5F79CFB0398D0F8F40002900398007BA1
:10AD3000019001220146DDE902303830F5F7E1FEED
:10AD4000059818B38648008805994843029006F094
:10AD50000BFC0399C1F8F800814800880599484325
:10AD600002900398D0F8F80001900299F5F776FB6D
:10AD70000398D0F8F80002900398407B01900122DC
:10AD80000146DDE902304030F5F7BBFE744800882B
:10AD900006994843029006F0E7FB0399C1F8FC00CE
:10ADA0006F4800880699484302900398D0F8FC0049
:10ADB00001900299F5F752FB0398D0F8FC0002903D
:10ADC0000398807B019001220146DDE90230483082
:10ADD000F5F797FE6248008804994843484302907B
:10ADE00006F0C2FB0399C1F800015D480088049990
:10ADF0004843484302900398D0F80001019002991B
:10AE0000F5F72CFB0398D0F8000102900398007B23
:10AE100001900398007B00900146DDE9023050303C
:10AE2000019AF5F76EFE4E4800880499484348435E
:10AE3000029006F099FB0399C1F804014848008884
:10AE400004994843484302900398D0F804010190C4
:10AE50000299F5F703FB0398D0F8040102900398D8
:10AE6000007B01900398007B00900146DDE90230F1
:10AE70005830019AF5F745FE39480088049948434F
:10AE80004843029006F070FB0399C1F8080134486A
:10AE90000088049948434843029006F065FB0399F3
:10AEA000C1F80C012E480088049948434843029099
:10AEB0000398D0F8080101900299F5F7CFFA2848D5
:10AEC000008804994843484302900398D0F80C0145
:10AED00001900299F5F7C2FA0398D0F808010290A0
:10AEE0000398007B01900398007B00900146DDE908
:10AEF00002306030019AF5F704FE0398D0F80C0197
:10AF000002900398007B01900398007B009001461B
:10AF1000DDE902306830019AF5F7F3FD059878B362
:10AF20000F4800880499484305994843029006F069
:10AF30001BFB0399C1F81401094800880499484390
:10AF40000599484302900398D0F8140101900299A2
:10AF5000F5F784FA0398D0F814010290039803E0FF
:10AF60007001002472010024407B01900398007B53
:10AF700000900146DDE902307830019AF5F7C1FD15
:10AF8000B94800880699484304994843029006F05E
:10AF9000EBFA0399C1F81801B348008804994843B3
:10AFA00006994843029006F0DFFA0399C1F81C01A4
:10AFB000AD48008806994843049948430290039895
:10AFC000D0F8180101900299F5F748FAA6480088D0
:10AFD000049948430699484302900398D0F81C010D
:10AFE00001900299F5F73AFA0398D0F81801029007
:10AFF0000398007B01900398807B00900146DDE977
:10B0000002308030019AF5F77CFD0398D0F81C01DE
:10B0100002900398807B01900398007B009001468A
:10B02000DDE902308830019AF5F76BFD8E48008823
:10B03000049948434843029006F096FA0399C1F8F0
:10B0400020018948008804994843484302900398A6
:10B05000D0F8200101900299F5F700FA0398D0F892
:10B06000200102900398007B01900398007B0090E0
:10B070000146DDE902309030019AF5F742FD7A4849
:10B080000088069948434843029006F06DFA0399F8
:10B09000C1F8240174480088069948434843029047
:10B0A0000398D0F8240101900299F5F7D7F9039895
:10B0B000D0F8240102900398807B01900398807B54
:10B0C00000900146DDE902309830019AF5F719FD4C
:10B0D000654800880499484306994843029006F061
:10B0E00043FA0399C1F828015F480088049948434E
:10B0F0000699484302900398D0F8280101900299DC
:10B10000F5F7ACF90398D0F8280102900398807BFA
:10B1100001900398007B00900146DDE90230A030E9
:10B12000019AF5F7EEFC0398007B4F4909884843E4
:10B130000399097B4843029006F016FA0399C1F877
:10B140002C010398007B4849098848430399097BEF
:10B150004843029006F008FA0399C1F830010398B9
:10B16000007B4149098848430399097B4843029081
:10B1700006F0FAF90399C1F834010398007B3A49C3
:10B1800009884843029006F0EFF90399C1F83801A5
:10B190000398007B344909884843029006F0E4F99B
:10B1A0000399C1F83C010398D0F82C010290039850
:10B1B000007B01900398007B00900146DDE902309E
:10B1C000A830019AF5F79DFC0398D0F83001029061
:10B1D0000398007B01900398007B00900146DDE915
:10B1E0000230B030019AF5F78CFC0398D0F83401A6
:10B1F00002900398007B01900398007B0090014629
:10B20000DDE90230B830019AF5F77BFC0398D0F8FD
:10B21000380102900398007B019001220146DDE98C
:10B220000230C030F5F76DFC0398D0F83C01029075
:10B230000398007B019001220146DDE90230C8300D
:10B24000F5F75FFC0021039880F82810039880F838
:10B250002910039880F82A10039880F82B1003987F
:10B2600080F82C1007B000BD7001002470B50446B2
:10B27000E07B18B12046FEF7DDF811E0A37B0E4D10
:10B280002D8803FB05F26168D4F8FC00F5F7CDF8D2
:10B29000A27B094B1B8802FB03F16068F5F7DEF81F
:10B2A000637B054D2D8803FB05F2A168D4F8F800F7
:10B2B000F5F7BBF870BD00007001002410B504461E
:10B2C00094F82C0068BBB4F8A000A4F8B000822069
:10B2D000015BB2200153B4F8B000A4F8B8005A20C2
:10B2E000015BBA20015304F1B00204F1800104F1C2
:10B2F000A000F5F771FD84F8D00004F1B80204F164
:10B30000580104F1B000F5F767FD84F8D00004F1AE
:10B31000500204F1B80104F15800F5F7F5FD84F886
:10B32000D00010BD10B5044694F8290068BB04F1A4
:10B33000680104F16000F5F747FE84F8D00004F1DD
:10B34000580204F1500104F16000F5F745FD84F85E
:10B35000D000B4F85800A4F8B0006A20015BB22015
:10B36000015304F1B00204F1680104F15800F5F74B
:10B3700033FD84F8D00004F1580204F1900104F187
:10B38000B000F5F75FFB84F8D00010BD10B504469F
:10B3900094F82A00002861D104F1880104F18000AA
:10B3A000F5F712FE84F8D000B4F88000A4F8B000DD
:10B3B0005A20015BB220015304F1B00204F158019C
:10B3C00004F18000F5F708FD84F8D000B4F8B0006F
:10B3D000A4F8B8008A20015BBA20015304F1B80236
:10B3E00004F1880104F1B000F5F7F6FC84F8D00010
:10B3F000B4F89800A4F8A8009A20015BAA20015391
:10B4000004F1A80204F1980104F1B800F5F71AFB61
:10B4100084F8D00004F1B80104F1A800F5F776FB38
:10B4200084F8D000B4F85800A4F8B0008A20015B7A
:10B43000B220015304F1B00204F1880104F1580074
:10B44000F5F7CAFC84F8D00004F1A00204F1B801B9
:10B4500004F1B000F5F7C0FC84F8D00010BD000086
:10B4600070B504462046FFF701FFD4F8D40018B1A8
:10B470002046D4F8D4108847204600F087F8D4F846
:10B48000D80018B12046D4F8D81088472046FFF7D6
:10B4900049FFD4F8DC0018B12046D4F8DC10884706
:10B4A000207C08B9E07BB8B92046FFF76FFFD4F8DD
:10B4B000E00018B12046D4F8E0108847204600F09C
:10B4C000A3F8D4F8E40018B12046D4F8E410884773
:10B4D0002046FFF7F3FE14E0237B2B4D2D8803FB62
:10B4E00005F2D4E93C01F4F7A0FF237B264D2D881B
:10B4F0006B43257B03FB05F204F5807003C8F4F76A
:10B5000094FFD4F8E80018B12046D4F8E810884732
:10B51000002022E0227B00FB0202D4F8001101EBA4
:10B52000820191ED000A216A01EB8001D1ED000A50
:10B53000B4EEE00AF1EE10FA0DD2216A01EB8001BF
:10B5400091ED000A227B00FB0202D4F8001101EB0E
:10B55000820181ED000A411CC8B2217B8142D9DC05
:10B56000237B094D2D8803FB05F2D4F8F0102068E9
:10B57000F4F75BFFD4F8EC0018B12046D4F8EC10D7
:10B580008847206870BD00007001002410B5044693
:10B5900094F8280060BB607B00282ADD207BA4F89B
:10B5A000C0000121C220015304F1C00204F13001A6
:10B5B00004F16000F5F710FC84F8D000207BA4F8BB
:10B5C000C8000121CA20015304F1C80204F140015E
:10B5D00004F17800F5F700FC84F8D00004F138029B
:10B5E00004F1C80104F1C000F5F72CFA84F8D0008A
:10B5F00009E004F1380204F1300104F16000F5F7CC
:10B60000EBFB84F8D00010BD10B5044694F82B0075
:10B61000E0BBB4F88000A4F8C0000121C2200153AF
:10B6200004F1C00204F1380104F18000F5F7D4FB05
:10B6300084F8D000B4F84800A4F8C8000121CA205A
:10B64000015304F1C80204F1C00104F14800F5F708
:10B650005BFC84F8D000B4F8A000A4F8C00001217D
:10B66000C220015304F1C00204F1C80104F1A0009A
:10B67000F5F7B2FB84F8D00004F1300204F1C00108
:10B6800004F13800F5F7DEF984F8D00010BDF0EED3
:10B69000400A90ED000A20EE200A20EE200A20EE5B
:10B6A000200A90ED011A21EE201A01EE200A90EDF9
:10B6B000021A01EE200A90ED031A30EE010A7047DB
:10B6C00008B500BF1248006840F00100104908604A
:10B6D0000846006800F00100009000BF00BF002293
:10B6E00006210B20FAF72CFB0B20FAF715FB0022A2
:10B6F00006210C20FAF724FB0C20FAF70DFB0022A0
:10B7000005210D20FAF71CFB0D20FAF705FB08BDFB
:10B71000D844025810B51D481D49086000208860B3
:10B7200000211B48C160017441748174042141618E
:10B73000012181611321C16105210162042141625E
:10B74000012181621321C16205210163002141634E
:10B7500005218163C1630421016408214164002142
:10B7600081640821C1640021016504214165002133
:10B770008165C16508210166002141660821816655
:10B78000F9F714FE08B1F7F7E3F910BD00A0004087
:10B79000EC03002410B51D481D4908600020886096
:10B7A00000211B48C160017441748174052141610D
:10B7B000012181610E21C1610521016241620121E6
:10B7C00081620E21C1620521016340F2563141635D
:10B7D00005218163C1630021016404214164816406
:10B7E0000821C164002101650421416500218165B2
:10B7F000C165042101660021416606218166F9F7D1
:10B80000D5FD08B1F7F7A4F910BD000000A4004071
:10B810008C04002410B51D481D4908600020886074
:10B8200000211B48C160017441748174052141618C
:10B83000012181610E21C161052101624162012165
:10B8400081620E21C1620521016340F2AD61416355
:10B8500005218163C1630221016404214164002147
:10B8600081640421C1640021016504214165002136
:10B870008165C1650321016600214166042181665D
:10B88000F9F794FD08B1F7F763F910BD00D4004053
:10B890002C05002400B599B014221E4914A8F4F711
:10B8A000C4FD002114A805F024FC1B4908601422E3
:10B8B000184914310FA8F4F7B8FD00210FA805F0BE
:10B8C00018FC164908601422124928310AA8F4F716
:10B8D000ACFD00210AA805F00CFC114908601422F7
:10B8E0000C493C3105A8F4F7A0FD002105A805F09E
:10B8F00000FC0C4908601422064950316846F4F7F0
:10B9000094FD0021684605F0F4FB0749086019B072
:10B9100000BD00009C200108040000240800002451
:10B920000C000024100000241800002400B587B08B
:10B93000142102A8F4F792FD00BF5848006840F0B7
:10B940000400564908600846006800F004000190B1
:10B9500000BF00BF00BF0846006840F080000860DC
:10B960000846006800F08000019000BF00BF00BFE3
:10B970000846006840F0010008600846006800F0D2
:10B980000100019000BF00BF00BF0846006840F002
:10B99000020008600846006800F00200019000BF45
:10B9A00000BF00BF0846006840F01000086008466D
:10B9B000006800F01000019000BF00BF00BF084603
:10B9C000006840F0080008600846006800F00800C1
:10B9D000019000BF00BF00224FF4C0413048FAF789
:10B9E000EBF8012209212E48FAF7E6F8012204219A
:10B9F0002C48FAF7E1F801224FF408512A48FAF7E7
:10BA0000DBF84FF4C0400290012003900020049026
:10BA1000059002A92248F9F7D7FF092002900120DA
:10BA20000390002004900320059002A91C48F9F718
:10BA3000CBFF01200290002003900120049002A976
:10BA40001848F9F7C1FF04200290012003900490E8
:10BA50000320059002A91348F9F7B6FF4FF40850E8
:10BA600002900120039004900320059002A90E4843
:10BA7000F9F7AAFF4FF4A05002904FF488100390FA
:10BA80000020049002A90848F9F79EFF00214FF01A
:10BA90000060FCF7B7FD07B000BD0000E0440258AD
:10BAA00000080258000002580010025810B516484D
:10BAB000164908604FF480004860002113488160F7
:10BAC0000721C1604FF00071016149104161890097
:10BAD00081610901C1610021016241628162C1622B
:10BAE0004FF08041416300218163C163016441647F
:10BAF0008164C164016541658165FCF769FA08B13B
:10BB0000F7F726F810BD000000380040CC050024EF
:10BB100000B58BB00020089009900A901C2101A864
:10BB2000F4F79CFC18481949086017204860002168
:10BB30001648816042F20F71C160002101618021CD
:10BB40008161FDF742F808B1F7F702F8002008908C
:10BB50000A9008A90D48FCF763FD08B1F6F7F8FF55
:10BB60006020019000200290039005900C2201A912
:10BB70000648FCF772FF08B1F6F7EAFF0348FCF746
:10BB80003DFF0BB000BD000000040040440700244E
:10BB900010B51848184908604FF4E130486000219A
:10BBA00015488160C16001610C2141610021816102
:10BBB000C1610162416200200F4988620846FDF7B9
:10BBC00033FB08B1F6F7C4FF00210B48FDF7AFF8CF
:10BBD00008B1F6F7BDFF00210748FDF779F808B175
:10BBE000F6F7B6FF0448FDF74AF808B1F6F7B0FFDC
:10BBF00010BD0000007800409007002400BFFEE761
:10BC000000BFFEE700BF00F001F8FCE72DED028B5E
:10BC100002E0012005F05CFACB4890F8AC00002867
:10BC2000F7D0CA4806F0DCF9F7EE001A9FEDC81A03
:10BC3000DFEDC80A9FEDC80AC84804F078FFF7EEA8
:10BC4000001A9FEDC31ADFEDC60A9FEDC60AC6486B
:10BC500004F06DFFF7EE001A9FEDBD1ADFEDC00A8C
:10BC60009FEDC00AC14804F062FFF7EE001A9FED95
:10BC7000B81ADFEDBF0A9FEDBF0ABF4804F057FFB7
:10BC8000F7EE001A9FEDB21ADFEDB90A9FEDB90A7F
:10BC9000BA4804F04CFFF7EE001A9FEDAD1ADFED45
:10BCA000B00AB6EE000AB64804F041FF4AE1A648E1
:10BCB000D0ED140AB0EE600AA84804F041FFA7488E
:10BCC00000F05AFCAF48D0ED490AB0EE600AAB482C
:10BCD00004F036FFAB48D0ED5A0AB0EE600AA64831
:10BCE00004F02EFFA44800F047FCA44800F044FCF8
:10BCF000A14890ED070AA34880ED620A9F4890EDA5
:10BD0000070AA04880ED630A90ED630AB1EE400A8D
:10BD10008D48D0ED040A30EE600A9B48D0ED2D0A24
:10BD200030EE200A994880ED000A9748D0ED250AA8
:10BD3000B0EE600AF4F73EFE9348D0ED0D0A90EDA8
:10BD40002E1A60EE810A20EE208A904890ED000ABB
:10BD5000DFED8F0A00EE208A8B48D0ED250AB0EE89
:10BD6000600AF5F78BF98848D0ED2F0A00EE808A3B
:10BD7000884880ED008A834890ED620AB1EE400A5F
:10BD80007148D0ED040A30EE200A8348D0ED2D0A28
:10BD900030EE200A814880ED000A7F48D0ED250A68
:10BDA000B0EE600AF4F706FE7B48D0ED0D0A90ED88
:10BDB0002E1A60EE810A20EE208A784890ED000A63
:10BDC000DFED730A00EE208A7348D0ED250AB0EE4D
:10BDD000600AF5F753F97048D0ED2F0A00EE808A1B
:10BDE0006F4880ED008A90ED000A5F4804F0A8FEDD
:10BDF000684890ED000A5D4804F0A2FE5A4800F041
:10BE0000BBFB5A4800F0B8FB584890ED070A56486B
:10BE1000D0ED070A30EE600AF0EE000A80EE201A3C
:10BE2000604880ED001A4D48D0ED070AB0EE600A78
:10BE30005C48D0ED000A454806F00CF95A4890EDF0
:10BE4000000A504880ED740A90ED740AB7EEC00AFB
:10BE5000B0EEC00B9FED551BB4EEC10BF1EE10FA26
:10BE600003D29FED3B0A80ED740A464890ED640AC8
:10BE7000F0EEC00A9FED4F0AF4EEC00AF1EE10FAA0
:10BE800012D200204C4908709FED310A3D4880EDE8
:10BE9000660A90ED750AD0ED740A9FED481A00EE1F
:10BEA000810A80ED750A08E09FED290A354880ED8A
:10BEB000660A9FED270A80ED750A41480078401C0C
:10BEC0003F49087008460078322838DB2D48B0F822
:10BED0008011B0F88201814208DD2A48B0F8801153
:10BEE000A0F88211012180F884110AE02548B0F8F9
:10BEF0008011B0F88201814203D10021214880F8ED
:10BF000084112048B0F83C11B0F83E01814208DDB0
:10BF10001C48B0F83C11A0F83E11012180F84011F6
:10BF20000AE01848B0F83C11B0F83E01814203D154
:10BF30000021144880F84011002021490870012098
:10BF400005F0C6F8B3E6000008870024D08C002472
:10BF5000000000000AD7A33B6666663F108E0024EF
:10BF60000AD7233CCDCC4C3FC08E0024EC8E00245D
:10BF7000A69B443BA4707D3F688E0024948E0024D1
:10BF80003C8E00241C89002454880024880300244B
:10BF90009A99993D90030024C88500248C030024BD
:10BFA0009403002498030024780300240000004038
:10BFB000E17A743FCDCC4C3D9C0300246F12833A50
:10BFC00084030024B0EE401A10B99FED790A70473F
:10BFD00090ED100A80ED110A90ED0F0A80ED100A25
:10BFE000C0ED060A80ED071A30EEC10A80ED0F0A97
:10BFF0000178002975D190ED010AD0ED0F1A20EEDD
:10C00000210A80ED090A90ED0A0AD0ED021A90ED9E
:10C010000F2A01EE820A80ED0A0A90ED0D0A80EDEA
:10C020000E0A90ED0C0A80ED0D0A90ED0F0AD0ED8E
:10C03000101A30EE610A80ED0C0A90ED030AD0ED83
:10C040000C1A20EE210A80ED0B0A90ED0A0AD0EDC1
:10C05000051AB4EEE10AF1EE10FA04DD90ED050ADE
:10C0600080ED0A0A10E090ED0A0AD0ED051AF1EE13
:10C07000611AB4EEE10AF1EE10FA05D290ED050A6C
:10C08000B1EE400A80ED0A0A90ED090AD0ED0A1AD5
:10C0900030EE210AD0ED0B1A30EE210A80ED080AAD
:10C0A00090ED080AD0ED041AB4EEE10AF1EE10FAB0
:10C0B00004DD90ED040A80ED080A76E090ED080AB0
:10C0C000D0ED041AF1EE611AB4EEE10AF1EE10FAC5
:10C0D0006BD290ED040AB1EE400A80ED080A64E0EC
:10C0E000FFE70178012960D190ED0F0AD0ED101A19
:10C0F00030EE610AD0ED011A20EE210A80ED090A26
:10C1000090ED020AD0ED0F1A20EE210A80ED0A0A06
:10C1100090ED0D0A80ED0E0A90ED0C0A80ED0D0AEF
:10C1200090ED0F0AD0ED101AB0EE002A02EE610A6F
:10C13000D0ED111A30EE210A80ED0C0A90ED030AC1
:10C14000D0ED0C1A20EE210A80ED0B0A90ED090AC1
:10C15000D0ED0A1A30EE210AD0ED0B1A30EE210A8A
:10C16000D0ED081A30EE210A80ED080A90ED080A99
:10C17000D0ED041AB4EEE10AF1EE10FA04DD90ED10
:10C18000040A80ED080A10E090ED080AD0ED041AC8
:10C19000F1EE611AB4EEE10AF1EE10FA05D290ED7B
:10C1A000040AB1EE400A80ED080A90ED080A0EE795
:10C1B0000000000000B102B97047017092ED001A52
:10C1C00080ED011A92ED011A80ED021A92ED021A29
:10C1D00080ED031A80ED040AC0ED050A9FED0C1AEC
:10C1E00080ED0E1A80ED0D1A80ED0C1A9FED081AE5
:10C1F00080ED081A80ED0B1A80ED0A1A80ED091AFD
:10C2000080ED111A80ED101A80ED0F1A00BFD3E7F0
:10C210000000000070B506460C461546DFED0D0A1D
:10C220009FED0D0A0D4A00213046FFF7C3FFDFEDF9
:10C23000090AB3EE0E0A0A4A00212046FFF7BAFFA8
:10C24000DFED040AB6EE080A064A00212846FFF789
:10C25000B1FF70BD000000000000B4426822010878
:10C26000742201088022010800B5AFB0B8216846E9
:10C27000F4F7F4F84FF400410020CDE90010182045
:10C280000290C82103910221049105910691002199
:10C29000079120210891002109914FF000501B9037
:10C2A0006846FAF711F808B1F6F752FC2FB000BD56
:10C2B0002DE9F04104460E4600275548006800F07D
:10C2C0000300032802D10120BDE8F081504828383E
:10C2D000006820F080604E4928390860F9F772FC48
:10C2E000054606E0F9F76EFC401B022801D9032041
:10C2F000EAE7474828380068C0F3C0600028F1D159
:10C3000000BF4348006820F47C30216840EA0130D7
:10C310003F490860A088401EC0F30800A168491E7C
:10C320004FF47E4202EA41210843A189491ED2010D
:10C3300002EA01410843217C491E120202EA01611E
:10C34000084333491031086000BF3148001D0068C0
:10C3500020F0C000616908432D49091D08600846A6
:10C36000006820F02000A16908432949091D0860E0
:10C370000846006820F01000086025481430006866
:10C380004FF6F8718843E16940EAC1002049143151
:10C3900008601F48001D006840F010001C49091D7E
:10C3A00008602EB90846006840F40020086012E0DA
:10C3B000012E08D11648001D006840F48010144971
:10C3C000091D086007E01248001D006840F40010D5
:10C3D0000F49091D08600E482838006840F0806049
:10C3E0000B4928390860F9F7EDFB054606E0F9F737
:10C3F000E9FB401B022801D9032065E704482838DF
:10C400000068C0F3C0600028F1D038465CE7000047
:10C41000284402582DE9F04104460E4600275548AD
:10C42000006800F00300032802D10120BDE8F0817C
:10C4300050482838006820F080504E49283908605C
:10C44000F9F7C0FB054606E0F9F7BCFB401B0228E4
:10C4500001D90320EAE7474828380068C0F3407054
:10C460000028F1D100BF4348006820F07C7021888B
:10C4700040EA01503F490860A088401EC0F3080010
:10C48000A168491E4FF47E4202EA41210843A18976
:10C49000491ED20102EA01410843217C491E1202D1
:10C4A00002EA0161084333491831086000BF31488E
:10C4B000001D006820F44060616908432D49091D92
:10C4C00008600846006820F40070A1690843294903
:10C4D000091D08600846006820F48070086025483F
:10C4E0001C3000684FF6F8718843E16940EAC100EA
:10C4F00020491C3108601F48001D006840F480700E
:10C500001C49091D08602EB90846006840F48000E7
:10C51000086012E0012E08D11648001D006840F4A2
:10C5200000001449091D086007E01248001D00685A
:10C5300040F080700F49091D08600E4828380068D7
:10C5400040F080500B4928390860F9F73BFB05465D
:10C5500006E0F9F737FB401B022801D9032065E705
:10C56000044828380068C0F340700028F1D03846ED
:10C570005CE700002844025890ED090A80ED080AA3
:10C5800090ED010AD0ED050A30EE200A80ED020A96
:10C5900090ED020AD0ED000A30EE200AD0ED020A3A
:10C5A00080EE801A80ED061A90ED0A0AD0ED090A95
:10C5B00070EE600A90ED090A90ED061A01EE200A6D
:10C5C00080ED090A90ED060AF7EE000A30EEC00A87
:10C5D000D0ED020A20EE200A80ED010A90ED090A52
:10C5E00080ED070A704700BF05F07AF8FCE700000D
:10C5F000F0EE400AC27F012A2CD181F8002291F886
:10C60000042232BB91ED760A9FED6B1AB4EEC10A9B
:10C61000F1EE10FA08D291ED760A9FED681AB4EEA9
:10C62000C10AF1EE10FA11DC91ED760A9FED641A61
:10C63000B4EEC10AF1EE10FA14DD91ED760A9FED29
:10C64000611AB4EEC10AF1EE10FA0BD2012281F8A0
:10C65000042207E0C27F012A04D0002281F80022D0
:10C6600081F8042291F80022012A7CD190ED010A80
:10C67000B7EE081A20EE010A81ED650A91ED650A10
:10C6800081ED640A90ED000AB7EE001A20EE010A6F
:10C690009FED4D1AC0EE011A91ED670A30EE610A66
:10C6A00081ED670A91F81A22012A0DD191F81E2214
:10C6B000012A09D191ED690A90ED031ADFED431AC1
:10C6C00001EE210A81ED690A91ED690A9FED401A98
:10C6D000B4EEC10AF1EE10FA04D29FED3D0A81EDED
:10C6E000690A0CE091ED690A9FED3A1AB4EEC10AAD
:10C6F000F1EE10FA03DD9FED370A81ED690A9FED37
:10C70000360A81ED710A91ED690A81ED6C0A91EDAD
:10C71000690A81ED6D0A91ED6F1AD1ED6C1A31EE57
:10C72000610AB0EEC01A9FED2D0AB4EEC01AF1EE08
:10C7300010FA0EDC91ED701AD1ED6D1A31EE610A2E
:10C74000B0EEC01A9FED250AB4EEC01AF1EE10FA51
:10C7500006DD0122224B83F8C520224B83F8C52039
:10C7600091ED690A00E00AE081ED6E0A91ED6C0A34
:10C7700081ED6F0A91ED6D0A81ED700A1BE091F871
:10C780000022C2B99FED180A81ED640A9FED160AD6
:10C7900081ED750A81ED660A91ED7B0A81ED670AEC
:10C7A0009FED0B0A81ED690A002281F8242281F8AD
:10C7B0001A2281F825227047DA0F49BFDA0FC9BF64
:10C7C000DA0F493FDA0FC93F000020426F12033BE6
:10C7D000EC51383ECDCCCC3E295C0F3D17B7D1385B
:10C7E00054880024C885002400000000D0ED0D4AC4
:10C7F00064EEA44AB0EE640AD0ED0E4A64EEA44A98
:10C80000F0EE640AD0ED0F4A64EEA44AB0EE641A6A
:10C81000D0ED0C4A90ED0D5A64EE854AF0EE641AA4
:10C82000D0ED0C4A90ED0E5A64EE854AB0EE642AC3
:10C83000D0ED0C4A90ED0F5A64EE854AF0EE642A72
:10C84000D0ED0D4A90ED0E5A64EE854AB0EE643A92
:10C85000D0ED0D4A90ED0F5A64EE854AF0EE643A41
:10C86000D0ED0E4A90ED0F5A64EE854AB0EE644A60
:10C87000F7EE004AB0EE005A45EE604AB0EE005ABC
:10C8800045EE414AC0ED104A73EE624AB0EE005ADE
:10C8900064EE854AC0ED114A73EE824AB0EE005A4A
:10C8A00064EE854AC0ED124A73EE224AB0EE005A99
:10C8B00064EE854AC0ED134AF7EE004AB0EE005A26
:10C8C00045EE404AB0EE005A45EE414AC0ED144AEA
:10C8D00074EE614AB0EE005A64EE854AC0ED154A26
:10C8E00073EEC24AB0EE005A64EE854AC0ED164AB5
:10C8F00074EE214AB0EE005A64EE854AC0ED174A44
:10C90000F7EE004AB0EE005A45EE404AB0EE005A4B
:10C9100045EE604AC0ED184A7047000010B5024865
:10C92000FBF70CFA10BD0000CC0500240268516929
:10C930000268926942F0080203689A61026892698B
:10C9400042F0100203689A610268126822F0010244
:10C9500003681A600268126940F26F339A430368F1
:10C960001A610268926822F4404203689A6090F863
:10C970008120042A0ED001F020025AB1D0F8842080
:10C9800042F08002C0F884200268926942F02002DE
:10C9900003689A6190F88120032A0ED001F04002CA
:10C9A0005AB1D0F8842042F00402C0F88420026812
:10C9B000926942F0400203689A6101F400725AB130
:10C9C000D0F8842042F00102C0F884200268926905
:10C9D00042F4007203689A6101F480725AB1D0F88F
:10C9E000842042F00802C0F884200268926942F470
:10C9F000807203689A610022A0F86220A0F86A2081
:10CA0000704770B50546AC6B0020623420812080F1
:10CA10000120E077623C2046FBF78EF970BD10B52F
:10CA200001460124C86B04EB5013C868421CD01D9A
:10CA3000C20802FB03F010BD2DE9F04106460D4689
:10CA400017461C46DDF818800BE0F9F7BBF8A0EBA1
:10CA50000800A04201D3601C00B914B90320BDE84E
:10CA6000F081306840692840A84201D1012000E0EF
:10CA70000020B842E9D00020F1E7000010B500BF67
:10CA8000502080F31188BFF34F8FBFF36F8F00BF2B
:10CA900005F080F918B14FF080500449086000BFDC
:10CAA000002080F3118800BF10BD000004ED00E0FD
:10CAB00000B59DB04C210AA8F3F7D0FC202102A8B4
:10CAC000F3F7CCFC0220F9F78DF900BF00200190AC
:10CAD0002348006820F44040214908600846006867
:10CAE00000F44040019000BF00BF00BF1C48006838
:10CAF00000F40050B0F5005FF8D101200A90000466
:10CB00000B90022013900221149115912821169167
:10CB1000012117910221189119910C211A910021DC
:10CB20001B911C910AA8FAF759FD08B1F6F710F805
:10CB30003F200290032003900020049008200590DD
:10CB400040200690079000010890402009900321A2
:10CB500002A8FAF71DFA08B1F5F7FAFF1DB000BDFB
:10CB6000184802582F48006840F470002D490860AA
:10CB70002D48006800F00F00072806D22A480068F8
:10CB800020F00F00C01D284908602848006840F0C8
:10CB9000010026490860002024491031086023481C
:10CBA000006823490840214908601F48006800F0D8
:10CBB0000F00072806D91C48006820F00F00C01D90
:10CBC000194908600020194918310860091D0860DA
:10CBD000091D086017481549283108601648091DC5
:10CBE00008601648091D08600020091D08601348E8
:10CBF000091D08600020091D08601048091D086013
:10CC00000020091D08600948006820F480200749B9
:10CC10000860002005496031086043F2D2000849ED
:10CC20000860704788ED00E0002000520044025880
:10CC30007FEDF6EA000202020000FF01800201011E
:10CC40000040005210B50248FBF7FBFD10BD00008C
:10CC50009C08002410B502682C4B98420ED0B0F10D
:10CC6000804F0BD02A4B984208D02A4B984205D0CF
:10CC7000294B984202D0294B984203D122F07002EE
:10CC80004B681A43214B98421DD0B0F1804F1AD007
:10CC90001F4B984217D01F4B984214D01E4B9842FE
:10CCA00011D01E4B98420ED01D4B98420BD01D4BFD
:10CCB000984208D01C4B984205D01C4B984202D099
:10CCC0001B4B984203D122F44072CB681A4322F0E6
:10CCD00080034C6943EA040202608B68C3620B68FC
:10CCE00083620A4B98420BD00C4B984208D00C4BF5
:10CCF000984205D00B4B984202D00B4B984201D181
:10CD00000B6903630123436110BD00000000014073
:10CD10000004004000080040000C004000040140F6
:10CD200000400140004401400048014000E0004054
:10CD300000E4004030B5056A25F001050562026A8D
:10CD400043688469204D2C4024F003040D682C4373
:10CD500022F002028D682A431C4DA84200D10FE048
:10CD60001B4DA84200D10BE01A4DA84200D107E0AC
:10CD7000194DA84200D103E0184DA84206D100BFCA
:10CD800022F00802CD682A4322F004020F4DA84287
:10CD90000BD00F4DA84208D00E4DA84205D00E4D25
:10CDA000A84202D00D4DA84207D123F4807323F48A
:10CDB00000734D692B438D692B43436084614D683B
:10CDC0004563026230BD00008FFFFEFF000001409E
:10CDD000000401400040014000440140004801407F
:10CDE00030B5056A25F010050562026A436884695A
:10CDF000224D2C4024F440740D6844EA052422F0AE
:10CE000020028D6842EA05121D4DA84200D10FE0B4
:10CE10001C4DA84200D10BE01B4DA84200D100BF21
:10CE20001A4DA84200D100BF194DA84207D106E013
:10CE300022F08002CD6842EA051222F04002104D35
:10CE4000A8420BD00F4DA84208D00F4DA84205D0E4
:10CE50000E4DA84202D00E4DA84209D123F48063A2
:10CE600023F400634D6943EA85038D6943EA850332
:10CE7000436084614D688563026230BDFF8FFFFEB1
:10CE80000000014000040140004001400044014016
:10CE90000048014030B5056A25F480750562026AD4
:10CEA0004368C469224D2C4024F003040D682C43D0
:10CEB00022F400728D6842EA05221E4DA84200D17C
:10CEC0000FE01D4DA84200D10BE01C4DA84200D13F
:10CED00000BF1B4DA84200D100BF1A4DA84207D188
:10CEE00006E022F40062CD6842EA052222F4806264
:10CEF000104DA8420BD0104DA84208D00F4DA842AB
:10CF000005D00F4DA84202D00E4DA84209D123F4FE
:10CF1000805323F400534D6943EA05138D6943EAB6
:10CF200005134360C4614D68C563026230BD0000F3
:10CF30008FFFFEFF0000014000040140004001405F
:10CF4000004401400048014030B5056A25F4805591
:10CF50000562036A4468C269124D2A4022F4407295
:10CF60000D6842EA052223F400538D6843EA053335
:10CF70000D4DA8420BD00D4DA84208D00C4DA84233
:10CF800005D00C4DA84202D00B4DA84204D124F488
:10CF900080444D6944EA85144460C2614D6805646B
:10CFA000036230BDFF8FFFFE00000140000401401E
:10CFB00000400140004401400048014030B5056A8E
:10CFC00025F480350562026A4368446D114D2C409A
:10CFD0000D682C4322F400320D8942EA05420E4DC1
:10CFE000A8420BD00D4DA84208D00D4DA84205D047
:10CFF0000C4DA84202D00C4DA84204D123F480333A
:10D000004D6943EA0523436044654D6885650262C6
:10D0100030BD00008FFFFEFF000001400004014012
:10D0200000400140004401400048014030B5056A1D
:10D0300025F480150562026A4368446D114D2C4049
:10D040000D6844EA052422F400120D8942EA0552D3
:10D050000D4DA8420BD00D4DA84208D00C4DA84252
:10D0600005D00C4DA84202D00B4DA84204D123F4A8
:10D0700080234D6943EA8523436044654D68C56557
:10D08000026230BDFF8FFFFE00000140000401403E
:10D0900000400140004401400048014010B50248F2
:10D0A000FBF778FE10BD00009007002470B5456EB8
:10D0B0002DB90125A0F86A50A0F868501CE0102393
:10D0C00010240568AD68C5F342610568AD686A0F54
:10D0D0000A4DAD5C15FB04F5094EB65C95FBF6F503
:10D0E000A0F86A50054D6D5C15FB03F5044E765CA7
:10D0F00095FBF6F5A0F8685070BD00007C21010892
:10D100008421010890F8281001F0010139B101686B
:10D11000496821F40031C26A11430268516090F8F5
:10D12000281001F00201022907D10168496821F4A1
:10D130008031026B11430268516090F8281001F0B1
:10D140000401042907D10168496821F48021426B58
:10D1500011430268516090F8281001F00801082975
:10D1600007D10168496821F40041826B11430268CC
:10D17000516090F8281001F01001102907D10168C2
:10D18000896821F48051C26B11430268916090F864
:10D19000281001F02001202907D10168896821F4B5
:10D1A0000051026C11430268916090F8281001F060
:10D1B0004001402913D10168496821F48011426C73
:10D1C000114302685160416CB1F5801F07D10168BD
:10D1D000496821F4C001826C11430268516090F8E3
:10D1E000281001F08001802907D10168496821F4E5
:10D1F0000021C26C114302685160704738B5044683
:10D200000020C4F89000F8F7DDFC054620680068AF
:10D2100000F00800082821D16FF07E402B46002244
:10D220004FF400110090204600F04CFCB0B100BF5C
:10D2300000BF216851E8001F21F08000226842E809
:10D2400000010029F5D100BF2020C4F8880000BFEC
:10D25000002084F8840000BF032038BD20680068E7
:10D2600000F00400042830D16FF07E402B460022ED
:10D270004FF480010090204600F024FC28B300BF4A
:10D2800000BF216851E8001F21F49070226842E835
:10D2900000010029F5D100BF00BF00BF216808319F
:10D2A00051E8001F21F001002168083141E8000227
:10D2B000002AF3D100BF2020C4F88C0000BF00205A
:10D2C00084F8840000BF0320C7E72020C4F888004A
:10D2D000C4F88C000020E066206700BF84F884005A
:10D2E00000BF00BFB9E770B50546AC6B0020A4F8DD
:10D2F0005E00A4F856002046FBF74AFD70BD2DE9FC
:10D30000F0410546AC6BD4F88860D4F88C70206886
:10D31000806800F08000802807D1212E05D10020F0
:10D32000A4F85600204600F099F82068806800F0C4
:10D330004000402807D1222F05D10020A4F85E002C
:10D34000204600F03DF8D4F8900040F01000C4F8FA
:10D3500090002046FBF71CFDBDE8F08170B5054646
:10D36000AC6BE869B0F5807F1ED00020A4F85600B1
:10D3700000BF00BF2168083151E8001F21F0800084
:10D380002168083141E80002002AF3D100BF00BF44
:10D3900000BF216851E8001F41F04000226842E8C8
:10D3A00000010029F5D102E02046FCF741F870BDEC
:10D3B00070B50446A56B2846FCF73BF870BD00002D
:10D3C00000BF00BF026852E8002F22F4907103688A
:10D3D00043E80012002AF5D100BF00BF00BF026879
:10D3E000083252E8002F104B02EA030102680832AB
:10D3F00042E80013002BF2D100BFC16E01290CD10D
:10D4000000BF00BF026852E8002F22F0100103683D
:10D4100043E80012002AF5D100BF2021C0F88C108B
:10D420000021C16641677047FEFFFFEF10B504465B
:10D4300000BF00BF216851E8001F21F040002268B2
:10D4400042E800010029F5D100BF2020C4F888007F
:10D450000020A0672046FBF7EBFF10BD00BF00BF18
:10D46000026852E8002F22F0C001036843E800126E
:10D47000002AF5D100BF00BF00BF0268083252E8A1
:10D48000002F22F400010268083242E80013002B4A
:10D49000F3D100BF2021C0F8881070472DE9F04F6C
:10D4A00089B0054600200890F8492868884200D1D4
:10D4B00000E000BF2969A868084369690843E96971
:10D4C00040EA010828680068F149084040EA08007D
:10D4D000296808602868406820F44050E9680843DB
:10D4E00029684860D5F81880E8492868884202D041
:10D4F000286A40EA080828688068E649084040EA47
:10D500000800296888602868C06A20F00F00696AEE
:10D5100008432968C86200BFDF492868884220D1D3
:10D52000DE48006800F03800182811D005DC48B14A
:10D53000082809D0102811D108E020280AD028286E
:10D540000CD109E001240BE0042409E0082407E0E1
:10D55000102405E0202403E0402401E0802400BFE3
:10D5600042E1CF492868884219D1CC48006800F0D0
:10D570000700062810D2DFE800F0030507090B0DAD
:10D5800000240BE0042409E0082407E0102405E04F
:10D59000202403E0402401E0802400BF24E1C149AD
:10D5A0002868884219D1BD48006800F007000628A5
:10D5B00010D2DFE800F0030507090B0D00240BE093
:10D5C000042409E0082407E0102405E0202403E0F7
:10D5D000402401E0802400BF06E1B3492868884266
:10D5E00019D1AE48006800F00700062810D2DFE825
:10D5F00000F0030507090B0D00240BE0042409E0EB
:10D60000082407E0102405E0202403E0402401E082
:10D61000802400BFE8E0A5492868884219D19F48C6
:10D62000006800F00700062810D2DFE800F00305CC
:10D6300007090B0D00240BE0042409E0082407E08F
:10D64000102405E0202403E0402401E0802400BFF2
:10D65000CAE097492868884220D19048006800F0C5
:10D660003800182811D005DC48B1082809D0102846
:10D6700011D108E020280AD028280CD109E0012483
:10D680000BE0042409E0082407E0102405E020242E
:10D6900003E0402401E0802400BFA5E0854928681C
:10D6A000884219D17D48006800F00700062810D292
:10D6B000DFE800F0030507090B0D00240BE004244C
:10D6C00009E0082407E0102405E0202403E04024BA
:10D6D00001E0802400BF87E077492868884219D19B
:10D6E0006E48006800F00700062810D2DFE800F05E
:10D6F000030507090B0D00240BE0042409E00824AE
:10D7000007E0102405E0202403E0402401E0802409
:10D7100000BF69E069492868884220D15F480068F5
:10D7200000F03800182811D005DC48B1082809D0CD
:10D73000102811D108E020280AD028280CD109E0AF
:10D7400001240BE0042409E0082407E0102405E08C
:10D75000202403E0402401E0802400BF44E0584935
:10D760002868884220D14D48006800F03800182809
:10D7700011D005DC48B1082809D0102811D108E0E3
:10D7800020280AD028280CD109E001240BE0042429
:10D7900009E0082407E0102405E0202403E04024E9
:10D7A00001E0802400BF1FE03849286888421AD170
:10D7B0003A48001D006800F00700062810D2DFE894
:10D7C00000F0030507090B0D02240BE0042409E017
:10D7D000082407E0102405E0202403E0402401E0B1
:10D7E000802400BF00E0802400BF284928688842C8
:10D7F0004BD1102C1AD006DC022C09D0042C0BD0F3
:10D80000082C29D10DE0202C21D0402C24D120E05F
:10D81000F8F718FB064623E005A8F8F725FB069E57
:10D820001EE002A8F8F738FC039E19E01B485438A4
:10D830000068C0F3401040B1184854380068C0F385
:10D84000C101204820FA01F600E01E4E08E01E4EFD
:10D8500006E04FF4004603E000260120089000BFD8
:10D8600000BF002E10D01949686A31F81000B6FBCD
:10D87000F0F9686800EB4000484503D86868000389
:10D88000484525D20120089007E153E0000C0058DC
:10D89000F369FFCFFFF4FF11001001405444025818
:10D8A0000044004000480040004C00400050004050
:10D8B0000014014000780040007C00400018014046
:10D8C000001C01400090D00300093D0064210108C4
:10D8D0007849686A31F810C062460023304619461C
:10D8E000F2F772FD4FF4807C00220346A3FB0C0B81
:10D8F00001FB0CB103FB02136968490884461CEB69
:10D90000010143EB0200CDE90010D5F804C06246E6
:10D91000002308460199F2F757FD0746B7F5407F07
:10D9200005D3B7F5801F02D22868C760B5E0012093
:10D930000890B2E0E869B0F5004F5BD1082C1AD02E
:10D9400005DC5CB1012C0DD0042C2DD10EE0102C87
:10D9500016D0202C23D0402C26D122E0F9F704FD4C
:10D96000064625E0F9F712FD064621E005A8F8F77E
:10D970007BFA069E1CE002A8F8F78EFB039E17E0D8
:10D980004D480068C0F3401038B14B480068C0F300
:10D99000C1014A4820FA01F600E0484E08E0484E2E
:10D9A00006E04FF4004603E000260120089000BF87
:10D9B00000BF7EB33F49686A31F81000B6FBF0F053
:10D9C0004000696800EB5100B0FBF1F7102F0ED357
:10D9D000B7F5803F0BD24FF6F07007EA000AC7F3A5
:10D9E00042004AEA000A2868C0F80CA055E001206D
:10D9F000089052E0082C1BD005DC64B1012C0ED03D
:10DA0000042C2ED10FE0102C17D0202C24D0402C29
:10DA100027D123E041E0F9F7A7FC064625E0F9F716
:10DA2000B5FC064621E005A8F8F71EFA069E1CE0A4
:10DA300002A8F8F731FB039E17E01F480068C0F307
:10DA4000401038B11C480068C0F3C1011B4820FADF
:10DA500001F600E0194E08E0194E06E04FF40046CA
:10DA600003E000260120089000BF00BFAEB11149BD
:10DA7000686A31F81000B6FBF0F0696800EB5100FD
:10DA8000B0FBF1F7102F06D3B7F5803F03D2B8B241
:10DA90002968C86001E0012008900120A5F86A000B
:10DAA000A5F8680000206867A867089809B0BDE875
:10DAB000F08F000064210108004402580090D00358
:10DAC00000093D002DE9F04104460D4617469846F1
:10DAD000069E3CE0701CC8B3F8F774F8A0EB080091
:10DAE000B04200D816B90320BDE8F0812068006874
:10DAF00000F0040050B32068C069C0F3C00078B1E2
:10DB00000820216808622046FFF75AFC0820C4F864
:10DB1000900000BF002084F8840000BF0120E3E7EC
:10DB20002068C069C0F3C02080B14FF40060216854
:10DB300008622046FFF744FC2020C4F8900000BF94
:10DB4000002084F8840000BF0320CDE7FFE72068B1
:10DB5000C0692840A84201D1012000E00020B8425D
:10DB6000B8D00020C0E700BFFEE7000070B52DED83
:10DB7000048B04460D46B0EE408A95ED240ADFED95
:10DB8000FE0A30EEC00AFD4880ED000A95ED040A59
:10DB9000DFEDF90A30EEC00AF94880ED000AD4ED55
:10DBA0001A0AB0EE600AF3F769FAD4ED040A20EE1F
:10DBB000200A84ED080AD4ED190AB0EE600AF3F7E2
:10DBC0005DFAD4ED010A20EE200A84ED060AD4EDB8
:10DBD0001A0AB0EE600AF2F7EDFED4ED000A94EDF9
:10DBE000041A41EE000AC4ED070AD4ED190AB0EE9A
:10DBF000600AF2F7DFFED4ED010A20EE200A84ED80
:10DC0000050A94ED071AD4ED051A31EE611A21EEDA
:10DC1000011AD4ED081A94ED062A71EEC21A94ED99
:10DC2000082AD4ED062A32EE622A01EE821AB7EEF5
:10DC3000C11AB0EE410B01F0F7F8B7EEC00B84ED5E
:10DC4000110A94ED070AD4ED050A30EE600AD4ED0E
:10DC5000020AB0EE001A60EE810A20EE200A84ED7E
:10DC6000140A94ED080AD4ED060A30EE600AD4EDE9
:10DC7000020AB0EE001A60EE810A20EE200A84ED5E
:10DC8000150A94ED020A20EE000AD4ED110A94ED73
:10DC9000111A00EE810AD4ED030A94ED031A00EE86
:10DCA000C10A84ED160A94ED141A21EE011AD4ED7E
:10DCB000151A94ED152A01EE821AD4ED161A94ED78
:10DCC000162A01EEC21AB7EEC11AB0EE410B01F0EE
:10DCD000ABF894ED151AB7EEC11A30EE010BB7EEA2
:10DCE000C00BF0EE408A94ED140A94ED161A30EE53
:10DCF000010AF0EE400AB0EE680A00F03BFFF0EED9
:10DD0000000A20EE200A84ED170AD4ED170AB0EEBF
:10DD1000600AF2F74FFED4ED050A94ED071A70EE93
:10DD2000C10A94ED021A41EE000AF0EE608AD4EDC9
:10DD3000170AB0EE600AF3F7A1F9D4ED060A94EDE4
:10DD4000081A70EEC10A94ED021A41EE000AB0EE14
:10DD5000609AF0EE680AB0EE490A00F00BFF84ED1D
:10DD6000180AD4ED190AB0EE600AF2F723FED4EDDA
:10DD7000010A60EE208AD4ED170AB0EE600AF2F7CD
:10DD800019FED4ED020A40EE808AC4ED098AD4ED72
:10DD9000190AB0EE600AF3F771F9D4ED010A60EEEA
:10DDA000208AD4ED170AB0EE600AF3F767F9D4EDD4
:10DDB000020A40EE808AC4ED0A8AD4ED000AB0EE71
:10DDC000001A80EE810AD4ED090A30EEC00A20EE76
:10DDD000000AD4ED0A0A94ED0A1A00EE810AB7EEA1
:10DDE000C00AB0EE409B01F01FF8B7EEC00B84ED07
:10DDF0000D0AD4ED000AB0EE001A80EE810AD4EDCF
:10DE0000090A30EEC00AF0EE408AD4ED0A0AB0EEFC
:10DE1000600AF0EE680A00F0ADFE84ED0E0A94EDA3
:10DE20000E0ADFED580A30EEC00A84ED0F0A94EDB9
:10DE30000F0ADFED550AB4EEE00AF1EE10FA08DD44
:10DE400094ED0F0ADFED510A30EE600A84ED0F0AFF
:10DE500010E094ED0F0ADFED4E0AB4EEE00AF1EEA9
:10DE600010FA07D294ED0F0ADFED480A30EE200ACF
:10DE700084ED0F0A94F8C40030B994ED0E0A84EDD5
:10DE8000130A012084F8C400D4ED0E0A94ED181A88
:10DE900070EEC10AB0EE600AF3F7F0F8D4ED010AB3
:10DEA00060EE208AD4ED190A94ED171A70EEC10ABB
:10DEB000B0EE600AF3F7E2F868EE808AD4ED180A53
:10DEC00094ED171A70EEC10AB0EE600AF3F7D6F8B7
:10DED000C8EE800AC4ED1D0AD4ED0E0A94ED181A9E
:10DEE00070EEC10AB0EE600AF2F764FDD4ED010AEB
:10DEF00060EE208AD4ED190A94ED171A70EEC10A6B
:10DF0000B0EE600AF3F7BAF868EE808AD4ED180A2A
:10DF100094ED171A70EEC10AB0EE600AF3F7AEF88E
:10DF2000D4ED0D0A20EE200AC8EE800AC4ED1E0AC8
:10DF3000D4ED0E0A94ED171A70EEC10AB0EE600A25
:10DF4000F3F79CF8D4ED040A60EE208AD4ED180AA9
:10DF500094ED1A1A70EEC10AB0EE600AF3F78EF86B
:10DF600068EE808AD4ED180A94ED171A70EEC10A93
:10DF7000B0EE600A0EE0000000000000680100241E
:10DF80006C010024DA0FC93FDA0F4940DA0FC940AB
:10DF9000DA0F49C0F3F772F8C8EE800AC4ED1F0A21
:10DFA000D4ED0E0A94ED171A70EEC10AB0EE600AB5
:10DFB000F2F700FDD4ED040A60EE208AD4ED180AD1
:10DFC00094ED1A1A70EEC10AB0EE600AF3F756F833
:10DFD00068EE808AD4ED180A94ED171A70EEC10A23
:10DFE000B0EE600AF3F74AF8D4ED0D0A20EE200AED
:10DFF000C8EE800AC4ED200A94ED1D0AD4ED1B0A78
:10E0000020EE200AD4ED1F0A94ED1C1A00EE810ABE
:10E0100084ED290A94ED1E0AD4ED1B0A20EE200A95
:10E02000D4ED200A94ED1C1A00EE810A84ED120A48
:10E0300094ED120A5FED300A30EEC00A84ED100A4A
:10E04000474890ED000A5FED310A30EEC00AD4ED8A
:10E050000E0A30EE600A84ED250A94ED250A5FED84
:10E06000360AB4EEE00AF1EE10FA08DD94ED250A66
:10E070005FED3A0A30EE600A84ED250A10E094ED77
:10E08000250A5FED3D0AB4EEE00AF1EE10FA07D280
:10E0900094ED250A5FED430A30EE200A84ED250A4F
:10E0A00094ED120A2F48D0ED000AF1EE600A30EE2E
:10E0B000C00A84ED260A94ED0E0A84ED130A94ED4D
:10E0C000290AD4ED2C0A30EE600AC0EE080AC4ED2D
:10E0D0002A0A94ED290A84ED2C0A94ED0D0A84EDA8
:10E0E0002B0A94ED260AD4ED270A30EE600AC0EE22
:10E0F000080AC4ED280A94ED260A84ED270AD4ED17
:10E10000290AB0EE600A184802F01AFDD4ED100A90
:10E11000B0EE600A154802F013FDD4ED260AB0EE09
:10E12000600A134802F00CFD0F48FEF725FA0F486D
:10E13000FEF722FA0E48FEF71FFA0B4890ED070A89
:10E1400084ED2F0A094890ED070A84ED2D0A08484E
:10E1500090ED070A84ED2E0ABDEC048B70BD000023
:10E16000680100246C010024800C0024AC0C002405
:10E17000540C002470B52DED048B04460D46B0EE12
:10E18000408A95ED240AFE4880ED000A95ED040AC8
:10E19000FC4880ED000AD4ED1A0AB0EE600AF2F7EE
:10E1A0006DFFD4ED040A20EE200A84ED080AD4EDB8
:10E1B000190AB0EE600AF2F761FFD4ED010A20EE11
:10E1C000200A84ED060AD4ED1A0AB0EE600AF2F7CE
:10E1D000F1FBD4ED000A94ED041A41EE000AC4EDFF
:10E1E000070AD4ED190AB0EE600AF2F7E3FBD4EDAA
:10E1F000010A20EE200A84ED050A94ED071AD4EDF9
:10E20000051A31EE611A21EE011AD4ED081A94EDC7
:10E21000062A71EEC21A94ED082AD4ED062A32EECF
:10E22000622A01EE821AB7EEC11AB0EE410B00F07D
:10E23000FBFDB7EEC00B84ED110A94ED070AD4ED97
:10E24000050A30EE600AD4ED020AB0EE001A60EE64
:10E25000810A20EE200A84ED140A94ED080AD4ED18
:10E26000060A30EE600AD4ED020AB0EE001A60EE43
:10E27000810A20EE200A84ED150A94ED020A20EEB0
:10E28000000AD4ED110A94ED111A00EE810AD4EDC2
:10E29000030A94ED031A00EEC10A84ED160A94ED08
:10E2A000141A21EE011AD4ED151A94ED152A01EE77
:10E2B000821AD4ED161A94ED162A01EEC21AB7EEA0
:10E2C000C11AB0EE410B00F0AFFD94ED151AB7EE98
:10E2D000C11A30EE010BB7EEC00BF0EE408A94EDA0
:10E2E000140A94ED161A30EE010AF0EE400AB0EE70
:10E2F000680A00F03FFCF0EE000A20EE200A84EDF0
:10E30000170AD4ED170AB0EE600AF2F753FBD4ED0A
:10E31000050A94ED071A70EEC10A94ED021A41EE57
:10E32000000AF0EE608AD4ED170AB0EE600AF2F748
:10E33000A5FED4ED060A94ED081A70EEC10A94ED1C
:10E34000021A41EE000AB0EE609AF0EE680AB0EEF2
:10E35000490A00F00FFC84ED180AD4ED190AB0EE5A
:10E36000600AF2F727FBD4ED010A60EE208AD4EDB3
:10E37000170AB0EE600AF2F71DFBD4ED020A40EE78
:10E38000808AC4ED098AD4ED190AB0EE600AF2F76A
:10E3900075FED4ED010A60EE208AD4ED170AB0EEC6
:10E3A000600AF2F76BFED4ED020A40EE808AC4EDFB
:10E3B0000A8A94ED000AB0EE001AC0EE010A94ED4C
:10E3C000090A30EE600A20EE000AD4ED0A0A94ED44
:10E3D0000A1A00EE810AB7EEC00AB0EE409B00F0C8
:10E3E00023FDB7EEC00B84ED0D0AD4ED000AB0EEAC
:10E3F000001A80EE810AD4ED090A30EEC00AF0EE70
:10E40000408AD4ED0A0AB0EE600AF0EE680A00F025
:10E41000B1FB84ED0E0A94ED0E0ADFED5B0A30EEDF
:10E42000C00A84ED0F0A94ED0F0ADFED580AB4EE2E
:10E43000E00AF1EE10FA08DD94ED0F0ADFED540A60
:10E4400030EE600A84ED0F0A10E094ED0F0ADFED64
:10E45000510AB4EEE00AF1EE10FA07D294ED0F0A79
:10E46000DFED4B0A30EE200A84ED0F0A94F8C40069
:10E4700030B994ED0E0A84ED130A012084F8C4002B
:10E48000D4ED0E0A94ED181A70EEC10AB0EE600ACF
:10E49000F2F7F4FDD4ED010A60EE208AD4ED190AFA
:10E4A00094ED171A70EEC10AB0EE600AF2F7E6FDBD
:10E4B00068EE808AD4ED180A94ED171A70EEC10A3E
:10E4C000B0EE600AF2F7DAFDC8EE800AC4ED1D0A6C
:10E4D000D4ED0E0A94ED181A70EEC10AB0EE600A7F
:10E4E000F2F768FAD4ED010A60EE208AD4ED190A39
:10E4F00094ED171A70EEC10AB0EE600AF2F7BEFD95
:10E5000068EE808AD4ED180A94ED171A70EEC10AED
:10E51000B0EE600AF2F7B2FDD4ED0D0A20EE200A4B
:10E52000C8EE800AC4ED1E0AD4ED0E0A94ED171A47
:10E5300070EEC10AB0EE600AF2F7A0FDD4ED040A55
:10E5400060EE208AD4ED180A94ED1A1A70EEC10A12
:10E55000B0EE600AF2F792FD68EE808AD4ED180AF8
:10E5600094ED171A70EEC10AB0EE600AF2F786FD5C
:10E57000C8EE800AC4ED1F0AD4ED0E0A0CE00000BC
:10E580006001002464010024DA0FC93FDA0F49401A
:10E59000DA0FC940DA0F49C094ED171A70EEC10ABC
:10E5A000B0EE600AF2F706FAD4ED040A60EE208AB3
:10E5B000D4ED180A94ED1A1A70EEC10AB0EE600A92
:10E5C000F2F75CFD68EE808AD4ED180A94ED171A14
:10E5D00070EEC10AB0EE600AF2F750FDD4ED0D0AFC
:10E5E00020EE200AC8EE800AC4ED200A94ED1D0A30
:10E5F000D4ED1B0A20EE200AD4ED1F0A94ED1C1A5C
:10E6000000EE810A84ED290A94ED1E0AD4ED1B0A5E
:10E6100020EE200AD4ED200A94ED1C1A00EE810AA7
:10E6200084ED120A94ED120ADFED4A0A30EEC00AB8
:10E6300084ED100A484890ED000A5FED2D0A30EE97
:10E64000C00AD4ED0E0A30EE600A84ED250A94ED7E
:10E65000250A5FED320AB4EEE00AF1EE10FA08DDA9
:10E6600094ED250A5FED360A30EE600A84ED250A46
:10E6700010E094ED250A5FED390AB4EEE00AF1EE00
:10E6800010FA07D294ED250A5FED3F0A30EE200A1A
:10E6900084ED250A94ED120A3048D0ED000AF1EE1F
:10E6A000600A30EEC00A84ED260A94ED0E0A84ED6D
:10E6B000130A94ED290AD4ED2C0A30EE600AC0EE5C
:10E6C000080AC4ED2A0A94ED290A84ED2C0A94ED77
:10E6D0000D0A84ED2B0A94ED260AD4ED270A30EEBC
:10E6E000600AC0EE080AC4ED280A94ED260A84EDFB
:10E6F000270AD4ED290AB0EE600A194802F020FA80
:10E70000D4ED100AB0EE600A164802F019FAD4ED02
:10E71000260AB0EE600A144802F012FA1048FDF71B
:10E720002BFF1048FDF728FF0F48FDF725FF0C4889
:10E7300090ED070A84ED2F0A0A4890ED070A84ED50
:10E740002D0A094890ED070A84ED2E0ABDEC048BD2
:10E7500070BD00000000000060010024640100247E
:10E76000FC0B0024280C0024D00B002490ED1D0A83
:10E77000D0ED230A20EE200AD0ED1E0A90ED241AD7
:10E7800000EE810A80ED210A90ED1F0AD0ED230AE8
:10E7900020EE200AD0ED200A90ED241A00EE810A26
:10E7A00080ED220A7047000010B504469FED2B0A49
:10E7B00084ED000A9FED2A0A84ED010A9FED290AE3
:10E7C00084ED020A9FED270A84ED030A9FED240AD7
:10E7D00084ED040AF7EE001A9FED201ADFED220AFD
:10E7E0009FED220A224802F0A2F9F7EE001A9FEDEF
:10E7F0001B1ADFED1D0A9FED1F0A1F4802F097F953
:10E80000F7EE001A9FED151ADFED170A9FED1B0AB0
:10E810001B4802F08CF9F7EE001A9FED101ADFED9D
:10E82000120A9FED120A174802F081F9F7EE001A5A
:10E830009FED0A1ADFED0C0A9FED0E0A124802F056
:10E8400076F9F7EE001A9FED051ADFED070A9FED46
:10E850000B0A0E4802F06BF910BD0000000000002A
:10E86000F6285C3E9318843E0AD7233CA4707D3F73
:10E87000800C00243333333F540C0024CDCC4C3F68
:10E88000AC0C0024FC0B0024D00B0024280C00242A
:10E890000FB4084B10B504A902AA039800F002FCBB
:10E8A000044602A9002000F080FF204610BC5DF85D
:10E8B00014FB0000ABF700084100080218BF042059
:10E8C0000A0E18BF40F001004FF07F4232EA01010A
:10E8D00008BF40F00200012808BF05207047000073
:10E8E00002480068C0F30220704700000CED00E011
:10E8F00010B5002804DB0A07130E054A135406E07E
:10E900000A07140E034A00F00F031B1FD45410BD56
:10E9100000E400E018ED00E010B510EE104A4FF0F2
:10E920001A402DED028B00EB4400B0F1C85F4AD8CD
:10E930004FF0FC40B0EB440F22D2B0EEC00ADFED46
:10E94000310A30EEC00ADFED300A20EE208A18EEE0
:10E95000100A02F0FBFE00EE100A14F0004F1DBF7B
:10E960009FED2A1ADFED2A0AB1EE400A9FED291A1F
:10E9700008BFF0EE410ADFED281A20EE210A05E07B
:10E9800020EE008A9FED251ADFED250ADFED251A1E
:10E990009FED252A70EEC00A20EE080A08EE212A13
:10E9A000DFED221A48EE021A9FED212A08EE212AF5
:10E9B000DFED201A48EE021ABDEC028B40EE610A30
:10E9C00030EE810A10BD4FF0CC40B0EB440F82BF57
:10E9D0009FED190ABDEC028B10BD4FF07F40B0EBEC
:10E9E000440F05D2BDEC028BBDE8104000F06CBABC
:10E9F000012000F08FFABDEC028BBDE8104000F062
:10EA000069BA00000000803F0000003F000049405C
:10EA100022AA7D3A00000000000000C00000C93FAB
:10EA200022AAFD3924FE1C3DC78AD83C1E67383D0A
:10EA30001B93993DAFAA2A3EDB0FC93F10B54FF09B
:10EA40000E402DED028BB0EE408A18EE104A00EB1E
:10EA50004400B0F1506F4AD84FF0FC40B0EB440F87
:10EA600022D2B0EEC80ADFED360A30EEC00ADFED82
:10EA7000350A60EE208A18EE900A02F067FE01EE79
:10EA8000100A14F0004F1DBFDFED2F0A9FED2F0A73
:10EA9000B1EE411ADFED2E0A08BF9FED2E0ADFED21
:10EAA0002E1A21EE218A05E0DFED2C0A68EE088A95
:10EAB000B0EE600A9FED2A1ADFED2A1A30EE080A3E
:10EAC00048EE811A9FED281A08EEA11ADFED271AE9
:10EAD00048EE811A9FED261A08EEA11A68EE281A50
:10EAE000BDEC028B01EE810A30EE200A10BD4FF022
:10EAF000E440B0EB440F0CD918EE100AFFF7DCFE2F
:10EB0000042808BF00F0EEF9B0EE480ABDEC028B15
:10EB100010BD4FF07F40B0EB440F07D2B0EE480A73
:10EB2000BDEC028BBDE8104000F0CEB9012000F032
:10EB3000F1F9BDEC028BBDE8104000F0CBB900004C
:10EB40000000803F0000003F0000C9BF22AAFDB9BD
:10EB50000000C93F22AAFD39000000C000000000EB
:10EB600024FE1C3DC78AD83C1E67383D1B93993D47
:10EB7000AFAA2A3E70B54FF068422DED048BF0EE3F
:10EB8000408A18EE900AB0EE608A18EE101A02EB76
:10EB90004003B3F1654F3CBF02EB4102B2F1654F58
:10EBA0007DD200BFC0F3C753C1F3C7529A1A1B2AC4
:10EBB00009DD10F0004F14BF9FED830A9FED830A1B
:10EBC000BDEC048B70BD12F11A0F36DA11F0004F54
:10EBD00009D010F0004F0CBF9FED7D0A9FED7D0A1C
:10EBE000BDEC048B70BD88EE889A19EE100AFFF711
:10EBF00063FE042808BF00F075F918EE900AFFF7CD
:10EC00005BFE054618EE100AFFF756FE044619EEA5
:10EC1000100AFFF751FE042D18BF052D08D1042C52
:10EC200018BF052C04D1002804BF022000F072F99F
:10EC3000B0EE490ABDEC048B70BD4200B2EB410F4F
:10EC40003AD910F0004F19BFDFED630A9FED630A58
:10EC5000DFED630A9FED630AB0EE481A0A46B1EE93
:10EC6000688A80F00041F0EE418A10460A1A52008C
:10EC7000B2F1807F34D2484010F0004FDFED5A1AD5
:10EC80009FED5A2A1DBF9FED5A1A70EEE10A30EE31
:10EC9000420A9FED581A08BF70EEA10A00E040E05A
:10ECA00008BF30EE020AB0EE682A01EE482A08EEEC
:10ECB000818AC2EE081A15E011F0004F04BF9FEDE3
:10ECC0004E0AF0EE400AD1D010F0004F19BFDFED30
:10ECD0004B0A9FED4B0ADFED4B0A9FED4B0AC5E750
:10ECE000C8EE881A21EEA11A9FED482ADFED482AC6
:10ECF00041EE022A9FED472A01EE222ADFED462A45
:10ED000041EE022A9FED452ABDEC048B01EE222A3A
:10ED100021EE811A01EE020A30EE210A30EE200ABD
:10ED200070BD4FF07F42B2EB400F28BFB2EB410FF6
:10ED300009D2F0EE480AB0EE680ABDEC048BBDE8DB
:10ED4000704000F0C4B840EA01035B0008BF41F026
:10ED5000FF410BD0B2EB400F08BFB2EB410F08D11F
:10ED600020F0804008EE900A21F0804108EE101A51
:10ED700018E7B2EB400F12BF5FEA410340F0FF40DB
:10ED800001F000413FF40EAFB2EB410F12BF5FEA5A
:10ED9000400200F0004041F0FF413FF403AF4A0061
:10EDA00092EA40033FF5FEAE002AACBF9FED1C0A7D
:10EDB0009FED1C0A68EE808A28EE008A18EE900A01
:10EDC00018EE101AEEE60000DB0FC9BFDB0FC93FDB
:10EDD000DB0F4940DB0F49C00000C9BF22AAFDB9C3
:10EDE0000000C93F22AAFD390060ED3EC30ACE37BC
:10EDF000000000BF0000003F00000000000049C00C
:10EE000022AA7DBA0000494022AA7D3A2DAD65BDF7
:10EE10008FB8D53D0FB511BE61C84C3EA8AAAABE99
:10EE20000000804F0000802F00B52DED028BB1EE69
:10EE3000C08B83B018EE100A18EE901A8DED008B7F
:10EE4000002818BF0120084320F00040C0F17F6077
:10EE500000F1E040C00F14D010EE101A10EE900A2E
:10EE60008DED000B002918BF0121084320F0004060
:10EE7000C0F17F6000F1E040C00F04BF012000F04E
:10EE800049F8B0EE480B03B0BDEC028B00BD10B5E5
:10EE90002DED028BB1EEC08A18EE100A20F0004072
:10EEA000C0F1FF40C00F0AD010EE100A20F0004061
:10EEB000C0F1FF40C00F04BF012000F02BF8B0EEFE
:10EEC000480ABDEC028B10BD30EE000A704730EEF0
:10EED000200A7047DFED020A80EEA00A70470000AA
:10EEE000000000009FED020A20EE000A70470000BB
:10EEF0000000001002E008C8121F08C1002AFAD161
:10EF000070477047002001E001C1121F002AFBD1A9
:10EF1000704700000149086070470000E8030024C2
:10EF20002DE9FF5F82B00021DDE90430020DDDF83C
:10EF300040B0034318D044F61050A2F2FF324243CF
:10EF40001514119801281FD0A5EB0B00401C5FEA97
:10EF5000000A4FF000064E4FDFF83891B046504699
:10EF600015D5CAF1000413E0119801244AA3012821
:10EF700001D16FEA0B010298119AC0E90031C0E992
:10EF8000024206B0BDE8F09FCBF10000DFE7044687
:10EF90000021404A491842EB0450CDE9001012E02C
:10EFA000E00707D032463B4640464946F1F744FB6E
:10EFB0008046894632463B4610461946F1F73CFBEF
:10EFC00006460F466410002CEAD1DDE90401DDE9B4
:10EFD0000023BAF1000F06DAF1F72EFB42464B464A
:10EFE000F1F72AFB05E0F1F799FB42464B46F1F7B2
:10EFF00095FB04460E460022284BF1F717FC03D878
:10F000004FF0FF30014607E00022254B20463146F5
:10F01000F1F76BFAF1F7F1FB102409E0002C0ADBA1
:10F020000A220023F1F7D0F9039B30321A55641EEF
:10F0300050EA0102F2D1641C039AC4F11103144492
:10F04000119A012A03D0012208430DD10AE0084396
:10F0500004D000204FF0110B119072E7A3EB0B05C9
:10F060006D1E0DE05B4504DD4FF0000205F101056A
:10F0700004E003DA4FF00002A5F10105002AECD00C
:10F0800002981199C0E90231C0E9004579E7000012
:10F09000000014400000F03F300000000000F0438A
:10F0A0000000E03F2DE9FF4F95B09A46884606469E
:10F0B0000025EEE1252877D100242746F94A0121D1
:10F0C000039400E0044316F8013F203B01FA03F0EB
:10F0D0001042F7D130782A2811D06FF02F03307802
:10F0E000A0F13002092A16D8039A44F0020402EB78
:10F0F000820203EB42021044761C0390EFE758F8BB
:10F10000042B0392002A03DA504244F40054039083
:10F1100044F00204761C30782E2816D116F8010F20
:10F1200044F004042A280DD06FF02F023078A0F1AB
:10F130003003092B09D807EB870302EB4303C718F9
:10F14000761CF3E758F8047B761C30786C280FD0D7
:10F1500006DC4C2817D068280DD06A2814D104E0AA
:10F16000742810D07A280FD10DE044F400140AE07E
:10F1700044F4801401E044F440147278824202D1D5
:10F1800004F58014761C761C307866280BD013DCCE
:10F19000582877D009DC002875D04528F6D04628B5
:10F1A000F4D047281AD193E118E0632835D06428B9
:10F1B00079D0652812D18BE1702873D008DC6728DC
:10F1C000F1D069286FD06E280DD06F2806D1ACE041
:10F1D00073282CD0752874D0782853D052461799AC
:10F1E00090476D1C54E1C4F30250022809D0032853
:10F1F0000DD0D8F8001004280DD00D6008F10408D7
:10F2000046E1D8F80010EA17C1E90052F6E7D8F84D
:10F2100000100D80F2E70D70F0E718F8041B8DF870
:10F22000001000208DF80100EB46012003E058F8A3
:10F2300004BB4FF0FF3061074FF0000102D40DE036
:10F2400009F101018946B9420FDA8145F8DB1BF863
:10F2500009100029F4D108E009F101018946814231
:10F26000FADB1BF809100029F6D103985346A0EBEE
:10F27000090721463846179A00F080FA284400EB27
:10F28000090507E044E008E10DE01BF8010B5246D8
:10F2900017999047B9F10109F7D2534621463846EC
:10F2A000179AF2E039E00A21C4F302524FF0000B42
:10F2B0000091022A06D058F8040BC117032A09D07E
:10F2C0000AE023E008F1070020F00702F2E802015B
:10F2D000904605E000B2C117042A01D140B2C1171F
:10F2E000002906DA0A460021404261EB02012D2284
:10F2F00002E0220504D52B228DF80420012203E030
:10F30000E20701D02022F7E7914657E00A2100E00A
:10F3100010214FF0000B00910BE010214FF0000B7B
:10F3200044F004040827009103E008204FF0000B8C
:10F330000090C4F30252022A05D058F8040B0021B1
:10F34000032A08D008E008F1070020F00702F2E8DD
:10F350000201904603E080B2042A00D1C0B24FF00F
:10F36000000922072AD53278702A07D0DDF800C0BC
:10F370008CF0100C5CEA0B0C05D00EE040228DF8EE
:10F380000420012208E050EA010306D030238DF862
:10F3900004308DF8052002229146009B83F008037B
:10F3A00053EA0B030AD150EA010201D1620705D5E5
:10F3B00030228DF804204FF001097F1E3278582A40
:10F3C00004D039A20C920CAA02920BE03BA2F9E7FE
:10F3D0005B46009AF0F7F8FF0C9B9B5C029A521E6A
:10F3E0000292137050EA0102F2D1029804A9081A9D
:10F3F00000F1200B600702D524F4803400E00127DF
:10F400005F4502DDA7EB0B0000E0002000EB0B01E5
:10F41000009003984944401A0390E00306D45346F1
:10F420002146179A039800F0A9F90544002706E041
:10F4300001A85246C05D179990476D1C7F1C4F452F
:10F44000F6DBE0030CD553462146179A039800F0EB
:10F4500095F9054404E030205246179990476D1CF9
:10F460000099481E00900029F5DC08E002980299F6
:10F4700052460078491C0291179990476D1CBBF1C8
:10F480000001ABF1010BF1DC5BE100F065F9054433
:10F49000761C307800287FF40DAE19B02846BDE800
:10F4A000F08F00000928010030313233343536370F
:10F4B00038396162636465660000000030313233C0
:10F4C0003435363738394142434445460000000060
:10F4D000600700D4062708F1070020F00700F0E8D5
:10F4E0000223804603F0004C5FEA0C0001D097A095
:10F4F00009E0200501D596A005E0E00701D095A020
:10F5000001E0AFF24C001390307823F000436528FF
:10F510000CD006DC452809D046281DD047287FD1CD
:10F520003BE0662818D067287AD136E00021112FF9
:10F5300001DB112000E0781CCDE9000104A90CA832
:10F54000FFF7EEFCDDE90D010C9A4FF0000B07F11F
:10F550000109109200914EE04FF000400097CDE974
:10F56000011004A90CA8FFF7DBFCDDE90D020C9BE0
:10F570000F994FF0000B91461093009211B9791C2E
:10F5800000EB0109B7EB090003D4C0F1FF3B07F121
:10F590000109A9EB0700019042E0012F00DA0127E1
:10F5A0000021112F01DD112000E03846CDE90001D6
:10F5B00004A90CA8FFF7B4FCDDE90D010C9A009139
:10F5C0004FF0000BB946109221070FD4009A4A451C
:10F5D00003DA914601E0A9F10109B9F1010F05DD56
:10F5E000109AA9F10101515C3029F4D0B84202DA35
:10F5F00010F1040F03DA0121CDE9011010E0002819
:10F6000003DC8344A9EB000102E0411C494500DD15
:10F610008946A0EB0B00401C01904FF00040029087
:10F62000200705D40198484502DB4FF0FF300190D8
:10F6300000208DF84B0002980DF14B07B0F1004F00
:10F6400025D002200C902B200D90029800280CDA77
:10F65000404202902D200D9007E00A210298F0F719
:10F660000FFF3031029007F8011D0C99481E0C90D5
:10F670000029F2DC02980028EFD1791E0D9808705D
:10F68000307800F0200040F0450007F8020D11A886
:10F69000C01BC01D02901398007800B1012000EB40
:10F6A0000901019801EBE071029801440398401AA6
:10F6B000401E0390E00306D453462146179A039850
:10F6C00000F05CF805441398007818B15246179979
:10F6D00090476D1CE00323D553462146179A0398A3
:10F6E00000F04CF805441BE0BBF1000F07DB00986D
:10F6F000584504DD1098179910F80B0001E0179990
:10F7000030205246904701980BF1010B401E05F145
:10F710000105019004D12E205246179990476D1C87
:10F72000B9F10001A9F10109DEDC05E017F8010BD0
:10F730005246179990476D1C0299481E0290002965
:10F74000F4DC53462146179A03989EE62D000000EC
:10F750002B000000200000002DE9F04104460025A8
:10F760001E461746880404D405E039462020B047D9
:10F770006D1C641EF9D52846BDE8F0812DE9F041E5
:10F78000044600251E469046C80301D5302700E0F8
:10F790002027880404D505E041463846B0476D1C53
:10F7A000641EF9D52846BDE8F0810A68531C0B6039
:10F7B0001070704710B5F1F7B1FC8020F1F7E4FE4E
:10F7C0005520F1F7E1FE5520F1F7DEFE50490870B3
:10F7D000F1F79AFC0120F5F7E1F9F1F79FFC8020A1
:10F7E000F1F7D2FE5520F1F7CFFE5520F1F7CCFE10
:10F7F00047490870F1F788FC0120F5F7CFF9F1F7D8
:10F800008DFCB6217E20F1F7D1FEF1F77DFC502072
:10F81000F5F7C4F9F1F782FC8020F1F7B5FE552029
:10F82000F1F7B2FE5520F1F7AFFE39490870F1F754
:10F830006BFC0120F5F7B2F9F1F770FC8020F1F7CD
:10F84000A3FE5520F1F7A0FE5520F1F79DFE3049AB
:10F850000870F1F759FC0120F5F7A0F92C48007861
:10F860001E2801D0FF2010BD00202A49087049E061
:10F87000F1F754FC274A127802EB4202264B1A4455
:10F880005178244A127802EB4202985CF1F78EFE1E
:10F89000F1F73AFC0120F5F781F9F1F73FFC1D493A
:10F8A000097801EB41011C4A515C41F08000F1F7FD
:10F8B0006BFE5520F1F768FE5520F1F765FE1449FF
:10F8C0000870F1F721FC0120F5F768F9114800787C
:10F8D00000EB40001049084440780D4909788842FF
:10F8E0000BD00C48007800EB40000B4908448078AE
:10F8F0000A49097808430949087006480078401CFD
:10F9000004490870034800780628B1DB0020AAE704
:10F910003C0000243D000024480000243E00002458
:10F9200010B5F1F70FFC45490020F1F720FEF1F783
:10F93000FFFB0120F5F732F9F1F704FC3F49002005
:10F94000F1F715FEF1F7F4FB0120F5F727F9F1F7D0
:10F95000F9FBB6211420F1F729FEF1F7E9FB50205D
:10F96000F5F71CF9F1F7EEFB34490020F1F7FFFD44
:10F97000F1F7DEFB0120F5F711F9F1F7E3FB2F4971
:10F980000020F1F7F4FDF1F7D3FB0120F5F706F9BC
:10F990002A4800780F2801D0FF2010BD00202849F8
:10F9A000087045E0F1F7CEFB254A127802EB4202DF
:10F9B000244B1A445178224A127802EB4202985C96
:10F9C000F1F7F4FDF1F7B4FB0120F5F7E7F8F1F7F3
:10F9D000B9FB1B49097801EB41011A4A505C1749F0
:10F9E000F1F7C5FDF1F7A4FB0120F5F7D7F81448AE
:10F9F000007800EB40001349084440780F4909782B
:10FA0000884210D00E480078401E0D490870084604
:10FA1000007800EB40000C49084480780B490978D5
:10FA200008430A49087006480078401C04490870D9
:10FA3000034800780628B5DB0020AEE73C00002430
:10FA40003D0000245A000024480000243E00002409
:10FA5000F0B589B006460D4617461C4600950020B5
:10FA600001900290082C02D82004039021E00C2C75
:10FA700003D14FF4102003901BE0102C03D14FF45E
:10FA80002020039015E0142C03D14FF43020039074
:10FA90000FE0182C02D1E00303900AE0302C03D1D0
:10FAA0004FF46020039004E0402C02D14FF470200A
:10FAB00003900020049005900690079008903A4625
:10FAC00069463046F5F7D2F8002009B0F0BD0000D5
:10FAD0002DE9F0472DED028B04460D4690461E465B
:10FAE000DDF82890FD4890ED000AB8EE400AF0EEEF
:10FAF000080A20EE200ADFEDFA0A80EE201AB0EEA6
:10FB0000418AB0EE480A41462846FEF72FF8002702
:10FB10000DE0D5ED0D0AB0EE600AF24901EB0710D9
:10FB2000FBF7B5FD06EB870080ED000A7F1C0C2F6C
:10FB3000EFDB96ED000AD5ED250A9FEDEB1A70EE8E
:10FB4000C10AEA4890ED001A70EE810A20EE200A00
:10FB5000D6ED010A95ED2E1ADFEDE31A31EE611AAA
:10FB600000EE810AD4ED660A94ED751A70EEC10AB2
:10FB7000DF4890ED001A70EEC10A96ED021A01EE10
:10FB8000200AD4ED640A94ED741A70EEC10A96ED61
:10FB9000031A01EE200AD6ED040A94ED781ADFED7F
:10FBA000D51A31EE211A00EE810AD6ED050A94ED40
:10FBB000791ADFEDCD1A31EE611A00EE810A84ED7B
:10FBC000520A96ED060AD5ED250A9FEDC71A70EE8A
:10FBD000C10AC64890ED001A70EE810A20EE200A94
:10FBE000D6ED070A95ED2E1ADFEDBF1A31EE611A38
:10FBF00000EE810AD4ED660A94ED751A70EEC10A22
:10FC0000BB4890ED001A70EEC10A96ED081A01EE9D
:10FC1000200AD4ED640A94ED741A70EEC10A96EDD0
:10FC2000091A01EE200AD6ED0A0A94ED781ADFEDE2
:10FC3000B11A31EE211A00EE810AD6ED0B0A94EDCD
:10FC4000791ADFEDA91A31EE611A00EE810A85ED0D
:10FC5000240A96ED000AD5ED250A9FEDA31A70EE51
:10FC6000C10A20EE200AA44880ED000A96ED010AA0
:10FC7000D5ED260A9FED9C1A70EEC10A20EE200AEF
:10FC800080ED010A94ED660AD4ED750A30EE600A43
:10FC90009748D0ED000A30EE600AD6ED020A20EE59
:10FCA000200A954880ED020A94ED640AD4ED740AA6
:10FCB00030EE600AD6ED030A20EE200A80ED030A3A
:10FCC00096ED040AD4ED780A9FED871A70EEC10A0A
:10FCD00020EE200A80ED040A96ED050AD4ED790A9B
:10FCE0009FED811A70EEC10A20EE200A80ED050A10
:10FCF00096ED060AD5ED250A9FED7B1A70EEC10A36
:10FD000020EE200A7D4880ED000A96ED070AD5ED29
:10FD1000260A9FED751A70EEC10A20EE200A80EDCA
:10FD2000010A94ED660AD4ED750A30EE600A704857
:10FD3000D0ED000A30EE600AD6ED080A20EE200A67
:10FD40006E4880ED020A94ED640AD4ED740A30EE38
:10FD5000600AD6ED090A20EE200A80ED030A96ED2E
:10FD60000A0AD4ED780A9FED601A70EEC10A20EEFF
:10FD7000200A80ED040A96ED0B0AD4ED790A9FED76
:10FD80005A1A70EEC10A20EE200A80ED050A94F896
:10FD90001A0201282BD194F81E02012827D195EDD3
:10FDA000240AD4ED7F0A30EE200A85ED240A94ED72
:10FDB000691AF0EE410A95ED0D1AB0EE410A484677
:10FDC000FCF700F9DFED4E0A30EE200A85ED230A3C
:10FDD00094ED520AD4ED7D0A30EE600A84ED520AA9
:10FDE00094ED520AB1EE400A84ED520A57E094F8BD
:10FDF0001A0210B194F81E02E8BBD5ED0D0AB0EE60
:10FE0000600ADFED400A4846FCF7DCF8B7EEC00AAE
:10FE10009FED3D1B20EE010BB7EEC00B85ED230AD5
:10FE200095ED0F0ADFED3A0A30EE200ADFED390AD0
:10FE300020EE200A85ED240A9FED2B0A84ED520A5C
:10FE4000F2EE0E0ABAEE0E0A05F1900001F02CF95E
:10FE500095ED0F0ADFED300AB4EEE00AF1EE10FA8C
:10FE600008DC95ED0F0ADFED2D0AB4EEE00AF1EEA5
:10FE700010FA05D200E012E0B8EE000A85ED240A7F
:10FE800095ED0D0AB7EEC00A9FED251BB4EEC10B30
:10FE9000F1EE10FA03DD9FED140A85ED240A94F8C3
:10FEA0002402D0B995ED0F0ADFED1F0AB4EEE00A87
:10FEB000F1EE10FA60DD95ED0F0ADFED1C0AB4EEED
:10FEC000E00AF1EE10FA57D294F80002012853D15B
:10FED00095ED100AB7EEC00A2AE04CE00C020024AF
:10FEE00000007A4468020024000000002803002477
:10FEF000140200248FC2F53CD8860024F08600242A
:10FF000000008A42295C0F3E9A9999999999E93F94
:10FF10004F77D63C00007042DA0FC93FDA0FC9BFF5
:10FF2000C3F5285C8FC2C53F910A86BE910A863E02
:10FF30009FED5D1BB4EEC10BF1EE10FA1CD295EDF6
:10FF4000100AB7EEC00A9FED5A1BB4EEC10BF1EEDA
:10FF500010FA11DDB4F82002B0F57A7F04DAB4F8B3
:10FF60002002401CA4F82002B4F82002642808DB18
:10FF7000012084F81E0204E0002084F81E02A4F888
:10FF800020024146284600F02DFD4B49087094F8A8
:10FF9000250208B9002008704748007801283BD1A5
:10FFA00094F82502012837D195F8C50098BB1FEDBC
:10FFB000320A84ED520A96ED060AD5ED250A1FEDA8
:10FFC000361A70EEC10A20EE200AD6ED070A95ED2A
:10FFD000261A5FED3B1A31EE611A00EE810A85EDBB
:10FFE000240A94ED691AF0EE410A95ED0D1AB0EE6F
:10FFF000410A4846FBF7E6FFB7EEC00A1FED3E1B7D
:020000040801F1
:1000000020EE010BB7EEC00B85ED230A95ED240A17
:1000100085ED240A20E0FFE794F8250201281BD192
:10002000002085F8C50095ED230AD4ED7E0A30EE58
:10003000200AD4ED8B0A30EE600A85ED230A95ED97
:10004000230AF3EE040AB4EEE00AF1EE10FA03D24A
:10005000B3EE040A85ED230ADFED180A9FED180AB6
:1000600004F5A47001F020F8DFED160A9FED160AE2
:1000700005F18C0001F018F82846FEF777FBF3EE47
:10008000040ABBEE040A05F1880001F00DF8F3EE56
:10009000040ABBEE040A05F1840001F005F8BDEC8A
:1000A000028BBDE8F08700007B14AE47E17AB43FD5
:1000B0007B14AE47E17AB4BF100200246666864026
:1000C000666686C000004843000048C390ED270ADA
:1000D000DFED130A30EE200A81ED190A90ED370AA0
:1000E000DFED0F0A30EE200A81ED1A0A90ED280AA2
:1000F00081ED1B0A90ED380A81ED1C0A92ED240A6D
:10010000DFED080A30EEC00A80ED780A92ED040AAD
:10011000DFED040A30EEC00A80ED790A7047000076
:10012000DA0FC93F000000002DE9F0432DED048BEC
:1001300083B004460D4617461E46DDF83890FE484B
:1001400090ED000AB8EE400AF0EE080A20EE200A10
:10015000DFEDFA0A80EE201AB0EE419AB0EE490ABD
:1001600039462846FEF706F84FF000080EE0D5EDB8
:100170000D0AB0EE600AF24901EB0810FBF787FAAE
:1001800006EB880080ED000A08F10108B8F10C0FB9
:10019000EDDB94ED670AD4ED7B0A30EE600AE948A6
:1001A000D0ED010A20EE200AD0ED030A97ED061AE1
:1001B00000EEC10A84ED7D0A94ED710AD4ED7A0A4D
:1001C00030EE600AE048D0ED010A20EE200AD0EDC2
:1001D000030A97ED051A00EEC10A84ED7E0AD4EDFC
:1001E0007C0AB0EE600ADFEDD90AD948FBF7EAFED7
:1001F00084ED7F0A95ED0D0AD648D0ED0D0A30EE5C
:10020000200AF0EE000A80EE208A94ED740AF2EEE5
:100210000A0A20EE200AD048D0ED060A60EE208AB5
:100220009FEDCE0A28EE000A20EE280ADFEDCC0A68
:1002300080EE201A84ED8B1A96ED000AD5ED250A82
:100240009FEDC21A70EEC10AC64890ED001A70EE1A
:10025000C10A20EE200AD6ED010A95ED2E1ADFED37
:10026000BB1A31EE611A00EE810AD4ED750A94EDE5
:10027000661A70EEC10ABC4890ED001A70EE810A51
:1002800096ED021A01EE200AD4ED740A94ED641A78
:1002900070EEC10A96ED031A01EE200AD6ED040AAB
:1002A00094ED761ADFEDB11A31EE611A00EE810A93
:1002B000D6ED050A94ED771ADFEDA41A31EE611A36
:1002C00000EE810A84ED410A96ED060AD5ED250A75
:1002D0009FED9E1A70EEC10AA24890ED001A70EED2
:1002E000C10A20EE200AD6ED070A95ED2E1ADFEDA1
:1002F000971A31EE611A00EE810AD4ED750A94ED79
:10030000661A70EEC10A984890ED001A70EE810AE4
:1003100096ED081A01EE200AD4ED740A94ED641AE1
:1003200070EEC10A96ED091A01EE200AD6ED0A0A0E
:1003300094ED761ADFED8D1A31EE611A00EE810A26
:10034000D6ED0B0A94ED771ADFED801A31EE611AC3
:1003500000EE810A85ED240A94F81A02012875D16D
:1003600094F81E02012871D195ED240AD4ED7F0A7C
:1003700030EE200A85ED240A94ED691AF0EE410A68
:1003800095ED0D1AB0EE410A4846FBF71BFEDFED76
:10039000780A30EE200A85ED230A94ED410AD4ED67
:1003A0007D0A30EE600A84ED410A94ED410AB1EE17
:1003B000400A84ED410A012084F8240294F82502C1
:1003C00068BB9FED620A84ED750A84ED660A95EDBF
:1003D000250ADFED680AB4EEE00AF1EE10FA1AD24F
:1003E00095ED250ADFED640AB4EEE00AF1EE10FAAD
:1003F00011DDB4F82602B0F5FA7F04DCB4F8260269
:10040000401CA4F82602B4F82602642876DB0120FA
:1004100084F8250272E00020A4F826026EE095ED33
:10042000250ADFED560AB4EEE00AF1EE10FA08DC18
:1004300095ED250ADFED520AB4EEE00AF1EE10FA6E
:100440005CD2012084F8280258E0FFE794F81A02F1
:1004500010B194F81E02E8BBD5ED0D0AB0EE600AAB
:10046000DFED480A4846FBF7ADFDB7EEC00A9FED49
:10047000461B20EE010BB7EEC00B85ED230A95ED70
:100480000F0ADFED430A30EE600ADFED420A20EE8C
:10049000200A85ED240A9FED2D0A84ED410AF2EE33
:1004A0000E0ABAEE0E0A05F1900000F0FDFD95ED82
:1004B0000F0ADFED390AB4EEE00AF1EE10FA08DCBB
:1004C00095ED0F0ADFED350AB4EEE00AF1EE10FA11
:1004D00005D200E012E0B0EE000A85ED240A95EDA9
:1004E0000D0AB7EEC00A9FED2E1BB4EEC10BF1EE64
:1004F00010FA03DD9FED150A85ED240A94F8240215
:10050000C0B995ED0F0ADFED1B0AB4EEE00AF1EE7B
:1005100010FA70D295ED0F0ADFED170AB4EEE00A7B
:10052000F1EE10FA67DD94F80002012863D195ED31
:10053000100A39E05DE000002C03002400007A443A
:1005400068020024248C0024948B00240000000006
:10055000DC8B0024C8850024088700243333333F14
:10056000CDCCCC3E28030024140200248FC2F53CDD
:1005700000008A42910A863E910A86BEDA0F4940FF
:10058000DA0F49C0295C0F3E9A9999999999E93FE8
:100590004F77D63C00007042DA0FC93FDA0FC9BF6F
:1005A000C3F5285C8FC2C53FB7EEC00A9FED791B2B
:1005B000B4EEC10BF1EE10FA1DD295ED100AB7EEB4
:1005C000C00A9FED761BB4EEC10BF1EE10FA12DDFE
:1005D000B4F81C02B0F57A7F04DAB4F81C02401CAF
:1005E000A4F81C02B4F81C02642809DB012084F87A
:1005F0001A0205E0FFE7002084F81A02A4F81C02A2
:100600003946284600F030FA6649087094F8250209
:1006100008B9002008706348007801283BD194F89D
:100620002502012837D195F8C50098BB1FED390A7E
:1006300084ED410A96ED060AD5ED250A1FED3D1A17
:1006400070EEC10A20EE200AD6ED070A95ED261AB3
:100650005FED421A31EE611A00EE810A85ED240A3F
:1006600094ED691AF0EE410A95ED0D1AB0EE410ACB
:100670004846FBF7A7FCB7EEC00A1FED3D1B20EE76
:10068000010BB7EEC00B85ED230A95ED240A85ED2D
:10069000240A20E0FFE794F8250201281BD100205E
:1006A00085F8C50095ED230AD4ED7E0A30EE600A88
:1006B000D4ED8B0A30EE200A85ED230A95ED230A4E
:1006C000F3EE040AB4EEE00AF1EE10FA03D2B3EE50
:1006D000040A85ED230A33480078012816D13248F0
:1006E0000078012812D194F8250201280ED195F83E
:1006F000C50058B91FED6B0A84ED750A1FED6D0A30
:1007000084ED660A94ED7B0A84ED670A94ED520A43
:10071000B7EEC00A8DED000B94ED411AB7EEC11A89
:10072000B0EE410B53EC102B20A12248FEF7B0F89D
:100730002048EFF79EFE1FFA80F842461D491E48EA
:10074000F8F726FEDFED1D0A9FED1D0A05F18C006E
:1007500000F0AAFCDFED1B0A9FED1B0A04F5827076
:1007600000F0A2FC2846FEF701F8F3EE040ABBEE07
:10077000040A05F1880000F097FCF3EE040ABBEED2
:10078000040A05F1840000F08FFC03B0BDEC048B7B
:10079000BDE8F0837B14AE47E17AB43F7B14AE47EB
:1007A000E17AB4BF300300241002002425662C2512
:1007B000660A00006C8C0024900700240000484367
:1007C000000048C366668640666686C090ED070AEC
:1007D000DFED240A30EE200A81ED190A90ED170AA8
:1007E000DFED200A30EE200A81ED1A0A90ED080AAA
:1007F00081ED1B0A90ED180A81ED1C0A92ED240A86
:1008000080ED760A92ED040A80ED770A92ED260AD1
:1008100080ED7B0A92ED230A80ED7A0A91ED250A9C
:10082000114BD3ED250A30EE200ADFED100A30EE31
:10083000C00A80ED7C0A92ED240ADFED0D0AB4EEC9
:10084000E00AF1EE10FA0BD292ED240ADFED090A6C
:10085000B4EEE00AF1EE10FA02DD002380F8043273
:1008600070470000DA0FC93FC8850024000000006F
:10087000910A063F910A06BF30B503460C4615465D
:10088000B5F5002F43D1188F401C1887207801112F
:10089000D980A078617840EA01219960E078000170
:1008A000217940EA2111D9606079217901F00F01A5
:1008B00040EA012119611021DFED150A9FED150AAB
:1008C000986800F062FF83ED070A0C21DFED120A41
:1008D0009FED120AD86800F058FF83ED080A0C213A
:1008E000F2EE0E0ABAEE0E0A186900F04EFF83ED22
:1008F000090AA07900EE100AB8EE400A83ED0C0A4E
:10090000E07900EE100AB8EE400A83ED0D0A30BD22
:10091000F90F4940F90F49C000003442000034C2C9
:1009200030B5B2F5002F17D1848F641C8487CC7842
:100930008D7844EA052423B25C4200EE104AB8EEFA
:10094000C00ADFED060A20EE200ADFED050A80EE80
:10095000201A80ED091A00BF30BD00005077D63D47
:10096000713D7C412DE9FC4106460C461546601957
:1009700087B2FF208DF800008DF801008DF802008D
:100980008DF803008DF804008DF805008DF8060041
:10099000FC208DF8070008236A4639463046FFF7E9
:1009A00057F8BDE8FC81F0EE400AB0EEE00A70476F
:1009B000014671EE602AF0EE621AB0EE602A30EE67
:1009C000423A01208840401E02EE900AF8EEE22AE8
:1009D00063EE222A82EEA13AFDEEC32A12EE900ABD
:1009E0007047000070B52DED028B04460D46D4ED26
:1009F000250AB0EE600AF0F741FBD4ED240A20EEA0
:100A0000200AD4ED0D0A80EE208AD4ED250AB0EE3E
:100A1000600AEFF7CFFFF0EE400A94ED231AB0EE34
:100A2000480A01EE200AD5ED150A9FED0C1A70EE6A
:100A3000810A9FED0B1A01EE200A84ED300A94ED35
:100A4000300ADFED080AB4EEE00AF1EE10FA03D244
:100A50000120BDEC028B70BD0020FAE7C3F51C41FC
:100A60009A99193F00005C4270B52DED028B044647
:100A70000D46D4ED250AB0EE600AF0F7FFFAD4ED8A
:100A8000240A20EE200AD4ED0D0A80EE208AD4ED4F
:100A9000250AB0EE600AEFF78DFFF0EE400A94ED04
:100AA000231AB0EE480A01EE200AD5ED150A9FED93
:100AB0000C1A70EE810A9FED0B1A01EE200A84EDEC
:100AC000300A94ED300ADFED080AB4EEE00AF1EEE8
:100AD00010FA03D20120BDEC028B70BD0020FAE7B2
:100AE000C3F51C419A99193F00005C42F0EE400AA0
:100AF000F6EE001A60EEA11AB0EE611AB0EE600ACE
:100B000010EE100A0749A1EB600000EE100A21EE7A
:100B1000002AF7EE081A42EE401A61EE801AB0EE93
:100B2000610A7047865A375F02808180704780ED86
:100B3000000AC0ED050A80ED091AC0ED011A7047E0
:100B400080ED0A0A7047000080ED000AC0ED010A3E
:100B500080ED021AF7EE001AC0ED0C1A0449416745
:100B6000044981670449C1670449C0F8801070478F
:100B7000810B0108E90B01089F0B0108EDC7000874
:100B800001B52DED060B9DE80E00C0E90423C16000
:100B900003A90EC9C0E90723816107B000BD10B5E4
:100BA0000446D4ED160AB0EE600AFDF747FFB1EE39
:100BB000400A84ED190A94ED181AF0EE410A94EDFA
:100BC000171AB0EE410AFDF7D5FF84ED1A0A94ED2D
:100BD000101AF0EE410A94ED131AB0EE410AFDF737
:100BE000C9FF84ED1B0A10BD10B52DED0A8B04461C
:100BF00094ED061A21EE011AD4ED071A94ED072A96
:100C000001EE821AD4ED081A94ED082A01EE821A38
:100C1000B7EEC11AB0EE410BFEF706F9B7EEC00B06
:100C2000B0EE408A94ED060AC0EE080AC4ED060A4A
:100C300094ED070AC0EE080AC4ED070A94ED080A0D
:100C4000C0EE080AC4ED080A94ED070AD4ED180AAC
:100C500020EE200AD4ED080A94ED171A00EEC10A1E
:100C6000B0EE40BA94ED080AD4ED160A20EE200A40
:100C7000D4ED060A94ED181A00EEC10AF0EE40BA5F
:100C800094ED060AD4ED170A20EE200AD4ED070AE7
:100C900094ED161A00EEC10AB0EE40CA94ED090AAE
:100CA000D4ED010A60EE8B0A94ED021A00EE810A7F
:100CB00084ED090A94ED0A0AD4ED010A60EEAB0A4C
:100CC00094ED021A00EE810A84ED0A0A94ED0B0AF3
:100CD000D4ED010A60EE8C0A94ED021A00EE810A4E
:100CE00084ED0B0A94ED090AD4ED000A00EE8B0A9C
:100CF000D4ED030A30EE200A84ED030A94ED0A0ACB
:100D0000D4ED000A00EEAB0AD4ED040A30EE200A5E
:100D100084ED040A94ED0B0AD4ED000A00EE8C0A6F
:100D2000D4ED050A30EE200A84ED050A94ED0C0A94
:100D3000B0EE409A94ED0D0AF0EE409A94ED0E0A52
:100D4000B0EE40AA94ED0F0AF0EE40AA94ED020A2C
:100D5000F6EE000A20EE200AF0EE408A94ED030A37
:100D6000F1EE690A20EE200AD4ED040A0AEE600AC8
:100D7000D4ED050A0AEEE00AD4ED0C0A40EE280A8A
:100D8000C4ED0C0A94ED030A20EE090AD4ED050A1D
:100D90000AEE200AD4ED040A0AEEE00AD4ED0D0AA8
:100DA00040EE280AC4ED0D0A94ED040A20EE090A6B
:100DB000D4ED050A09EEE00AD4ED030A0AEEA00A12
:100DC000D4ED0E0A40EE280AC4ED0E0A94ED050A91
:100DD00020EE090AD4ED040A09EEA00AD4ED030AB4
:100DE0000AEE600AD4ED0F0A40EE280AC4ED0F0A9D
:100DF00094ED0C1A21EE011AD4ED0D1A94ED0D2A82
:100E000001EE821AD4ED0E1A94ED0E2A01EE821A2A
:100E1000D4ED0F1A94ED0F2A01EE821AB7EEC11A23
:100E2000B0EE410BFEF700F8B7EEC00BB0EE408A13
:100E300094ED0C0AC0EE080AC4ED0C0A94ED0D0AFC
:100E4000C0EE080AC4ED0D0A94ED0E0AC0EE080AC1
:100E5000C4ED0E0A94ED0F0AC0EE080AC4ED0F0AA5
:100E60002046D4F880108847BDEC0A8B10BD0000E6
:100E7000F4F7BAFEFBF71CFEFBF7F6F9FAF756FD9E
:100E8000FAF71EFCFAF712FEFAF744FCFAF782FCB6
:100E9000FAF73EFEFAF7BEFCFAF77AFE4FF4F0706E
:100EA000F1F70CFD00BF00210C48F0F7EDFA002827
:100EB000F9D1012251030A48F4F77EFE0122910381
:100EC0000748F4F779FEF1F747FEF1F77DFEFAF7F0
:100ED000E1FC00F009F900BFFEE70000CC050024AA
:100EE0000008025801460020842901D0CA1C104481
:100EF000704700002DE9F04F2DED068B83B0824640
:100F00000C46B0EE40AAB0EE608AF0EE418AB0EE38
:100F1000619AF0EE429A1FFA84FB10209FED2F1A7F
:100F2000DFED2F0AB0EE4A0AFFF742FD85B20C2032
:100F30009FED2C1ADFED2C0AB0EE480AFFF738FDC2
:100F400086B20C209FED291ADFED290AB0EE680A5F
:100F5000FFF72EFD87B20C20B1EE041ADFED240A54
:100F6000B0EE490AFFF724FD1FFA80F80C20B2EE1C
:100F70000E1AFAEE0E0AB0EE690AFFF719FD1FFA13
:100F800080F928128DF80400E8B28DF80500C6F348
:100F900007108DF806003007000E40EA27208DF874
:100FA0000700F8B28DF80800C8F307108DF80900A3
:100FB0004FEA0870000E40EA29208DF80A0009F077
:100FC000FF008DF80B00082301AA59465046FEF792
:100FD0003FFD03B0BDEC068BBDE8F08FF90F494033
:100FE000F90F49C000003442000034C20000FA4347
:100FF00000000000F0B52DED068B83B005460F46CE
:10100000F0EE408AB0EE609AF0EE419AB0EE61AA3E
:10101000B0EE428A4FF400769FED200A28EE000AD7
:10102000BDEEC00A10EE100A04B21D48854214D16C
:1010300000208DF804008DF805008DF806008DF86D
:101040000700200A8DF80800E0B28DF809000020A2
:101050008DF80A008DF80B0015E01248854212D178
:1010600000208DF804008DF805008DF806008DF83D
:1010700007008DF808008DF80900200A8DF80A0095
:10108000E0B28DF80B00B1B2082301AA2846FEF7A2
:10109000DFFC03B0BDEC068BF0BD000000404E4508
:1010A0008C040024EC03002490ED001AB4EEC01A66
:1010B000F1EE10FA02D280ED000A08E090ED001A7D
:1010C000B4EEE01AF1EE10FA01DDC0ED000A70474F
:1010D00070B5044625460DB1294600E001210846B9
:1010E00000F0B0FC002070BD10B500F0D9FC00206D
:1010F00010BDFEB504460D46B4F90800FFF7F2FE38
:10110000064602A8CDE90060238A9AB22B46D4E9AC
:10111000001000F00FFE012801D00020FEBD029853
:10112000FCE700002DE9F04105460E461C48076823
:101130001C480068001D00F08DFB50B9194800687C
:1011400090F82C10012088401749096881431648FF
:101150000160681C38B936B112480168091D13488E
:1011600000F0B6FB1AE07C190E4800684460BC42EF
:1011700007D20C480168091D0D48006800F08EFB7D
:101180000CE008480168091D0A48006800F086FB69
:1011900009480068844201D207480460BDE8F08134
:1011A00088010024740100248C010024B40D002463
:1011B0007C01002478010024A401002410B5044619
:1011C00000F092FB23480068401C22490860224836
:1011D000006840B9204804600846006801280DD125
:1011E00000F020F90AE01D48006838B91A48006884
:1011F000C06AE16A884201D817480460184800684C
:10120000401C1749086094F82C10012088401549AB
:101210000968084313490860E16A01EB8101124A39
:1012200002EB8100211D00F053FB00F087FB0B480F
:10123000006868B108480068C06AE16A884207D25D
:101240004FF0805009490860BFF34F8FBFF36F8F95
:1012500010BD0000840100247401002490010024CA
:10126000A00100248C010024D80C002404ED00E02F
:1012700010B516E000F038FB0C48C068C468201DAB
:1012800000F0E8FA0A480068401E09490860094869
:101290000068401E0749086000F050FB204600F03F
:1012A0000BF8044800680028E4D110BDA00D00240C
:1012B000840100248001002410B50446206B00F056
:1012C0005BFB204600F058FB10BD000030B54FF42A
:1012D000F043174800F007042CB1C01D20F00700B0
:1012E000134C041B1B1B0246124C22600024114DA0
:1012F0006C60D018083820F007000F4C20600024E4
:101300000D4D2D686C600C4D2D682C601146441AF3
:101310004C60094C24680C60084D4C682C60084DEA
:101320004C682C604FF00044064D2C6030BD00002E
:10133000C80D0024B0010024B8010024C00100241D
:10134000BC010024CC01002400BFFFF791FF064838
:1013500000680128F9D94FF0805004490860BFF3B4
:101360004F8FBFF36F8FF0E7D80C002404ED00E03F
:101370002DE9FF5F81460E469246DDE90E7B109C0B
:10138000AAF10100216B01EB800828F0070808F0A2
:10139000070008B9012000E0002050B900BF50202C
:1013A00080F31188BFF34F8FBFF36F8F00BF00BF73
:1013B000FEE786B1002507E0715D04F13400415578
:1013C000705D00B902E06D1C102DF5D300BF002147
:1013D0004320015502E0002084F83400072F00D399
:1013E0000627E76267640020A064201D00F053FA1E
:1013F00004F1180000F04FFA2461C7F10700A06162
:1014000064620020E06484F8500049464046039A34
:1014100000F050F92060BBF1000F01D0CBF8004084
:10142000BDE8FF9F10B5002407E004EB84010F4ADC
:1014300002EB810000F022FA641C072CF5D30C4863
:1014400000F01CFA0B4800F019FA0B4800F016FAED
:101450000A4800F013FA0A4800F010FA0448094953
:10146000086004480849086010BD0000D80C00243A
:10147000640D0024780D00248C0D0024A00D0024A0
:10148000B40D0024780100247C01002410B501462D
:10149000164800E0006803688B42FBD302464368AD
:1014A00013448B4204D143684C6823444360014693
:1014B0000A464B6813440468A34211D10C4C0368DC
:1014C0002468A34208D04B680468646823444B60D6
:1014D00003681B680B6005E0054B1B680B6001E0AF
:1014E00003680B60884200D0016010BDB001002489
:1014F000B80100240A490968096809B9012100E016
:10150000002121B14FF0FF31064A116006E0044985
:101510000968C968C868034A4168116070470000DB
:1015200078010024A40100240E480068401C08B97A
:10153000012000E0002050B900BF502080F3118846
:10154000BFF34F8FBFF36F8F00BF00BFFEE700BF39
:10155000502080F31188BFF34F8FBFF36F8F00BF10
:1015600000BFFEE7D00100242DE9F04104464FF012
:10157000000800F0D9FA4948006808B9FFF7A6FE4C
:10158000474800682040002870D1D4B1083404F0E6
:101590000700B0B104F00700C0F10800044404F0F3
:1015A000070008B9012000E0002050B900BF50201A
:1015B00080F31188BFF34F8FBFF36F8F00BF00BF61
:1015C000FEE7002C52D03748006884424ED8364E91
:1015D0003046056801E02E462D686868A04202D2B8
:1015E00028680028F7D12D48006885423ED0306831
:1015F00000F10808286830606868001B102819D9B5
:101600002F1907F0070008B9012000E0002050B9A9
:1016100000BF502080F31188BFF34F8FBFF36F8F4F
:1016200000BF00BFFEE76868001B78606C6038464A
:10163000FFF72CFF1B4968680968081A19490860F8
:101640000846006819490968884203D215480068AD
:1016500016490860124968680968084368600020F4
:10166000286013480068401C1149086000F036FCEF
:1016700008F0070008B9012000E0002050B900BFC1
:10168000502080F31188BFF34F8FBFF36F8F00BFDF
:1016900000BFFEE74046BDE8F0810000B80100242D
:1016A000CC010024BC010024B0010024C0010024AE
:1016B000C4010024001F4FF080730360001F21F05D
:1016C00001030360001F054B036014380260001F14
:1016D0006FF00203036020387047000029150108ED
:1016E0009FED150A154880ED000A9FED130A80ED65
:1016F000010A9FED110A80ED020A9FED0F0A80EDAD
:10170000030A00200D49C87714E00D4890ED000A47
:10171000B8EE400ADFED0B0A80EE201AB0EE412A47
:10172000B0EE420A08490548FAF762FF044800682B
:10173000FFF7CEFCE9E700000000000034090024B8
:10174000A003002400007A441C89002410B500EE98
:10175000100A2DED028BB1EEC08A18EE100A20F0AF
:101760000040C0F1FF40C00F0AD010EE100A20F078
:101770000040C0F1FF40C00F04BF0120FDF7CAFBCD
:1017800018EE100ABDEC028B10BDB0EE401A30EE20
:10179000C10AF0EE401AB0EE412A00EE100AB8EE8F
:1017A000C00A60EE212A01228A40521E00EE102A51
:1017B000B8EEC03A82EE830A30EE020A70470000AB
:1017C0003FB5B2F5002F3FD10C7803944C780294CA
:1017D0008C780194CC7800941C4CCD7925709DF9BF
:1017E0000C4000EE104AB8EEC00ADFED190A80EE98
:1017F000201A80ED001A9DF9084000EE104AB8EE5C
:10180000C00ADFED130A80EE201A80ED011A9DF95F
:10181000044000EE104AB8EEC00ADFED0D0A80EE7B
:10182000201A80ED021A9DF9004000EE104AB8EE31
:10183000C00ADFED070A80EE201A80ED031A034C80
:10184000247804F00303C3773FBD00008400002424
:101850000000C84201460A69D1E901309860D1E927
:10186000010358605068884201D1886850600020A8
:1018700008611068401E10601068704700F1080190
:1018800041604FF0FF31816000F10801C1600161EA
:1018900000210160704700210161704710B50246C8
:1018A0000B685C1C0CB9106907E002F1080000E04D
:1018B0004068446824689C42FAD944684C604C688B
:1018C000A160886041600A611468641C146010BDE6
:1018D00042684A6093688B609368596091600861C0
:1018E00003685B1C0360704700BF502080F31188C1
:1018F000BFF34F8FBFF36F8F00BF0E480068401CCF
:101900000C49086008460068012812D10A4800689E
:10191000C0B208B9012000E0002050B900BF50203B
:1019200080F31188BFF34F8FBFF36F8F00BF00BFED
:10193000FEE77047D001002404ED00E00D48006888
:1019400050B900BF502080F31188BFF34F8FBFF311
:101950006F8F00BF00BFFEE706480068401E0549C4
:1019600008600846006820B9002080F3118800BF95
:1019700000BF7047D001002470B506463546002EE2
:1019800044D0083D2C46224960680968084008B1E7
:10199000012000E0002050B900BF502080F31188E2
:1019A000BFF34F8FBFF36F8F00BF00BFFEE720680C
:1019B00008B9012000E0002050B900BF502080F39A
:1019C0001188BFF34F8FBFF36F8F00BF00BFFEE7DB
:1019D0000F49606809680840C0B12068B0B90C4977
:1019E000606809688843606000F09EF80949606893
:1019F00009680844074908602046FFF747FD064884
:101A00000068401C0449086000F068FA70BD0000DE
:101A1000CC010024BC010024C801002400204FF0A8
:101A2000E02108618861064800684FF47A71B0FBD4
:101A3000F1F0401E4FF0E021486107200861704737
:101A40002C00002470B504460025D4B1124800686B
:101A500008B9012000E0002050B900BF502080F3F9
:101A60001188BFF34F8FBFF36F8F00BF00BFFEE73A
:101A700000F05AF800212046FFF754FB00F02EFA40
:101A800005463DB94FF0805004490860BFF34F8FC1
:101A9000BFF36F8F70BD0000AC01002404ED00E0C7
:101AA0001CB51A4800210B468022CDE9001018A170
:101AB000194800F03FF90446012C15D100BF502011
:101AC00080F31188BFF34F8FBFF36F8F00BF4FF0CC
:101AD000FF301249086001201149086000201149B7
:101AE000086000F073F810E0601C08B1012000E00D
:101AF000002050B900BF502080F31188BFF34F8FF2
:101B0000BFF36F8F00BF00BFFEE71CBDA80100241C
:101B100049444C450000000049130108A401002479
:101B2000900100248801002402480068401C0149FB
:101B300008607047AC0100241D48006818B10120FE
:101B40001C49086032E000201A4908601A48006801
:101B5000B0FA80F0C0F11F0101EB8100174A52F882
:101B6000200008B1012000E0002050B900BF502043
:101B700080F31188BFF34F8FBFF36F8F00BF00BF9B
:101B8000FEE701EB81020D4B03EB820042685268D5
:101B9000426000F108024368934202D142685268F1
:101BA00042604268D268064B1A6000BF704700006E
:101BB000AC010024980100248C010024D80C0024DE
:101BC0007401002402800181704700001CB5524856
:101BD00000685249884201D0012000E0002050B93D
:101BE00000BF502080F31188BFF34F8FBFF36F8F7A
:101BF00000BF00BFFEE7484800684849491E8842C8
:101C000001D0012000E0002050B900BF502080F337
:101C10001188BFF34F8FBFF36F8F00BF00BFFEE788
:101C20003F49084600780190FF200A461070084698
:101C3000007800909DF8000000F0F0009DF8002072
:101C4000904201D1012000E0002050B900BF502097
:101C500080F31188BFF34F8FBFF36F8F00BF00BFBA
:101C6000FEE79DF8000000F050002E4A107007209B
:101C70002D4A106009E02C480068401E2A4A106076
:101C80009DF800004006000E00909DF8000000F056
:101C900080008028EFD024480068C0F107000428A5
:101CA00001D1012000E0002050B900BF502080F396
:101CB0001188BFF34F8FBFF36F8F00BF00BFFEE7E8
:101CC000194800680002184A10601046008800F4A5
:101CD000E0601060124A019810700F4820300068D0
:101CE00040F470000C49203108600846006840F05C
:101CF00070400860FFF792FE00200C490860EEF784
:101D000015FB0B48006840F0404009490860EEF7B9
:101D1000F9FA00201CBD000000ED00E071C20F4187
:101D200000E400E0D4010024D8010024D001002404
:101D300034EF00E02DE9FF4F85B080468946174615
:101D4000DDE912ABB800FFF70FFC064656B1542090
:101D5000FFF70AFC04460CB1266304E03046FFF7A7
:101D60000BFE00E000247CB10020CDE900ABCDE902
:101D700002403A4649464046089BFFF7F9FA20469A
:101D8000FFF71CFA012501E04FF0FF35284609B0A6
:101D9000BDE8F08F2DE9F0414FF00008444800689D
:101DA00000287CD143480068451C4248056015BBAB
:101DB00041480068006808B9012000E0002050B9DF
:101DC00000BF502080F31188BFF34F8FBFF36F8F98
:101DD00000BF00BFFEE7384807683848006836494A
:101DE00008603648076036480068401C344908607F
:101DF000FFF780FB00BF3348006885423CD300BF3B
:101E00002D480068006808B9012000E0002020B1DA
:101E10004FF0FF302B4908602DE027480068C0686C
:101E2000C4686668B54202D22648066023E0201DD9
:101E3000FFF710FDA06A18B104F11800FFF70AFDC2
:101E400094F82C10012088401F49096808431E4956
:101E50000860E16A01EB81011C4A02EB8100211D4F
:101E6000FFF736FD1A49E06A0968C96A8842C7D394
:101E70004FF00108C4E700BF15480068C06A00EBD6
:101E80008000124951F82000012801D94FF00108C3
:101E90001048006808B14FF0010805E0FFE70E4860
:101EA0000068401C0C4908604046BDE8F081000015
:101EB000AC01002488010024780100247C01002466
:101EC0009C010024A40100248C010024D80C0024CF
:101ED00074010024980100249401002470B50024AA
:101EE00000263648006850B900BF502080F31188A2
:101EF000BFF34F8FBFF36F8F00BF00BFFEE7FFF749
:101F0000F3FC2E480068401E2C4908600846006813
:101F100000284FD12A48006800284BD024E02948E7
:101F2000C068C46804F11800FFF794FC201DFFF797
:101F300091FC94F82C10012088402349096808433B
:101F400021490860E16A01EB8101204A02EB81002E
:101F5000211DFFF7BDFC1E49E06A0968C96A884275
:101F600002D301201B4908601648006808B9012007
:101F700000E000200028D2D00CB1FFF7BBFA1648D1
:101F8000056865B100BFFFF705FF10B101201149D9
:101F900008606D1E002DF6D100200F4908600D4825
:101FA000006838B1012630070C490860BFF34F8F35
:101FB000BFF36F8FFFF7C2FC304670BDAC01002449
:101FC000840100248C0D00248C010024D80C0024F2
:101FD00074010024980100249401002404ED00E021
:101FE00070B504460223002219462046F8F7B8FDD2
:101FF00004F580741249A06891E82C00C96880E853
:102000002C00C1600F492068D1E901530A68C968F2
:10201000C0E901530260C1600B4D206AD5E901138C
:102020002A68ED68061D2AC60260084D636A27CD3E
:1020300027C3A369A4F58074054D27CD27C370BDC0
:1020400038030024480300245803002468030024B4
:102050008C22010810B52DED028B0446B0EE408BAA
:102060006068C0ED008A606880ED018A2046F9F75B
:10207000F7F900200BE0216801EB800191ED000AE7
:10208000054901EB800181ED000A411CC8B202281C
:10209000F1DBBDEC028B10BD78030024D8220108CF
:1020A000D1A50008030000000000000000080000A7
:1020B000C8220108CD1F0008010000000000000038
:1020C00000020000B8220108951D00080100000070
:1020D0000000000000020000A822010805BC000862
:1020E0000200000000000000000400009C22010823
:1020F000E7C500080100000000000000000100002A
:10210000000610160006101600010203040506075B
:10211000080C1014182030400000000000000000DF
:1021200000000000000000000000000001000000AE
:102130000200000003000000040000000000000096
:10214000050000000000000000000000000000008A
:102150000600000000000000000000000000000079
:1021600007000000010002000400060008000A0049
:102170000C0010002000400080000001010101035C
:10218000070100000804020408010101000000002A
:102190000102030401020304060708090000803F4E
:1021A000000000000000000000000000000000002F
:1021B00000000000000000000000803F0000000060
:1021C000000000000000000000000000000000000F
:1021D000000000000000803F000000000000000040
:1021E00000000000000000000000000000000000EF
:1021F0000000803F00000000000000000000000020
:102200000000000000000000000000000000803F0F
:1022100000000000000000000000000000000000BE
:1022200000000000000000000000803F0000164495
:10223000000000000000A0410000803F00000000FE
:1022400000000000000000000000803F00000000CF
:1022500000000000000000000000803F0000164465
:10226000000000000000A0410000704200000000DB
:102270000000404000005C42000000000000A0415F
:1022800000002040000000009A99993E0000803F25
:1022900000000000000000000000803F52454D4F4C
:1022A00054455F5441534B004F4253455256455F8E
:1022B0005441534B00000000434841535349534C91
:1022C0005F5441534B00000043484153534953521C
:1022D0005F5441534B000000494E535F5441534BF0
:1022E0000000000000000000920E493CB10AC93C09
:1022F0002BC3163D2EFB483D752B7B3D04A9963D17
:1023000080B6AF3D36BDC83D2FBCE13D73B2FA3D4E
:1023100087CF093E8340163EB5AB223EA2102F3E2A
:10232000CF6E3B3EC2C5473E0115543E135C603E36
:102330007F9A6C3ECCCF783EC07D823E938E883EA5
:10234000229A8E3E32A0943E86A09A3EE59AA03E06
:10235000128FA63ED47CAC3EEF63B23E2A44B83E18
:10236000491DBE3E15EFC33E53B9C93ECA7BCF3EA1
:102370004136D53E80E8DA3E4F92E03E7533E63E88
:10238000BBCBEB3EEA5AF13ECBE0F63E275DFC3E8E
:10239000E4E7003F3D9C033F824B063F9BF5083F2F
:1023A0006B9A0B3FDA390E3FCDD3103F2A68133FAB
:1023B000D9F6153FC07F183FC6021B3FD17F1D3F96
:1023C000CBF61F3F9967223F25D2243F5636273F41
:1023D0001594293F4AEB2B3FDE3B2E3FBB85303F18
:1023E000C9C8323FF304353F233A373F4268393F8B
:1023F0003B8F3B3FF9AE3D3F67C73F3F70D8413F02
:1024000001E2433F03E4453F65DE473F12D1493FC8
:10241000F8BB4B3F029F4D3F207A4F3F3D4D513F10
:102420004918533F31DB543FE595563F5348583FD9
:102430006AF2593F1A945B3F532D5D3F05BE5E3FE4
:102440002146603F97C5613F5A3C633F59AA643FAC
:10245000880F663FD86B673F3CBF683FA7096A3F5C
:102460000C4B6B3F5E836C3F93B26D3F9ED86E3FCB
:1024700073F56F3F0809713F5213723F4714733F62
:10248000DD0B743F0BFA743FC6DE753F07BA763F2B
:10249000C58B773FF853783F9812793F9DC7793FB6
:1024A00002737A3FBE147B3FCDAC7B3F283B7C3F21
:1024B000C9BF7C3FAC3A7D3FCCAB7D3F23137E3F11
:1024C000B0707E3F6DC47E3F580E7F3F6D4E7F3FA4
:1024D000AB847F3F0FB17F3F97D37F3F43EC7F3F7C
:1024E00011FB7F3F0000803F11FB7F3F43EC7F3FAC
:1024F00097D37F3F0FB17F3FAB847F3F6D4E7F3FD0
:10250000580E7F3F6DC47E3FB0707E3F23137E3FE9
:10251000CCAB7D3FAC3A7D3FC9BF7C3F283B7C3F85
:10252000CDAC7B3FBE147B3F02737A3F9DC7793FA2
:102530009812793FF853783FC58B773F07BA763FBB
:10254000C6DE753F0BFA743FDD0B743F4714733FD3
:102550005213723F0809713F73F56F3F9ED86E3F6B
:1025600093B26D3F5E836C3F0C4B6B3FA7096A3F94
:102570003CBF683FD86B673F880F663F59AA643FEE
:102580005A3C633F97C5613F2146603F05BE5E3FB1
:10259000532D5D3F1A945B3F6AF2593F5348583FB1
:1025A000E595563F31DB543F4918533F3D4D513F70
:1025B000207A4F3F029F4D3FF8BB4B3F12D1493F1E
:1025C00065DE473F03E4453F01E2433F70D8413FAA
:1025D00067C73F3FF9AE3D3F3B8F3B3F4268393FC6
:1025E000233A373FF304353FC9C8323FBB85303FFC
:1025F000DE3B2E3F4AEB2B3F1594293F5636273FB3
:1026000025D2243F9967223FCBF61F3FD17F1D3F44
:10261000C6021B3FC07F183FD9F6153F2A68133FFB
:10262000CDD3103FDA390E3F6B9A0B3F9BF5083F35
:10263000824B063F3D9C033FE4E7003F275DFC3EA5
:10264000CBE0F63EEA5AF13EBBCBEB3E7533E63EBD
:102650004F92E03E80E8DA3E4136D53ECA7BCF3E1F
:1026600053B9C93E15EFC33E491DBE3E2A44B83E8C
:10267000EF63B23ED47CAC3E128FA63EE59AA03EFC
:1026800086A09A3E32A0943E229A8E3E938E883E39
:10269000C07D823ECCCF783E7F9A6C3E135C603E1C
:1026A0000115543EC2C5473ECF6E3B3EA2102F3EA1
:1026B000B5AB223E8340163E87CF093E73B2FA3D4A
:1026C0002FBCE13D36BDC83D80B6AF3D04A9963D67
:1026D000752B7B3D2EFB483D2BC3163DB10AC93CF3
:1026E000920E493C00000000920E49BCB10AC9BCE0
:1026F0002BC316BD2EFB48BD752B7BBD04A996BD13
:1027000080B6AFBD36BDC8BD2FBCE1BD73B2FABD4A
:1027100087CF09BE834016BEB5AB22BEA2102FBE26
:10272000CF6E3BBEC2C547BE011554BE135C60BE32
:102730007F9A6CBECCCF78BEC07D82BE938E88BEA1
:10274000229A8EBE32A094BE86A09ABEE59AA0BE02
:10275000128FA6BED47CACBEEF63B2BE2A44B8BE14
:10276000491DBEBE15EFC3BE53B9C9BECA7BCFBE9D
:102770004136D5BE80E8DABE4F92E0BE7533E6BE84
:10278000BBCBEBBEEA5AF1BECBE0F6BE275DFCBE8A
:10279000E4E700BF3D9C03BF824B06BF9BF508BF2B
:1027A0006B9A0BBFDA390EBFCDD310BF2A6813BFA7
:1027B000D9F615BFC07F18BFC6021BBFD17F1DBF92
:1027C000CBF61FBF996722BF25D224BF563627BF3D
:1027D000159429BF4AEB2BBFDE3B2EBFBB8530BF14
:1027E000C9C832BFF30435BF233A37BF426839BF87
:1027F0003B8F3BBFF9AE3DBF67C73FBF70D841BFFE
:1028000001E243BF03E445BF65DE47BF12D149BFC4
:10281000F8BB4BBF029F4DBF207A4FBF3D4D51BF0C
:10282000491853BF31DB54BFE59556BF534858BFD5
:102830006AF259BF1A945BBF532D5DBF05BE5EBFE0
:10284000214660BF97C561BF5A3C63BF59AA64BFA8
:10285000880F66BFD86B67BF3CBF68BFA7096ABF58
:102860000C4B6BBF5E836CBF93B26DBF9ED86EBFC7
:1028700073F56FBF080971BF521372BF471473BF5E
:10288000DD0B74BF0BFA74BFC6DE75BF07BA76BF27
:10289000C58B77BFF85378BF981279BF9DC779BFB2
:1028A00002737ABFBE147BBFCDAC7BBF283B7CBF1D
:1028B000C9BF7CBFAC3A7DBFCCAB7DBF23137EBF0D
:1028C000B0707EBF6DC47EBF580E7FBF6D4E7FBFA0
:1028D000AB847FBF0FB17FBF97D37FBF43EC7FBF78
:1028E00011FB7FBF000080BF11FB7FBF43EC7FBFA8
:1028F00097D37FBF0FB17FBFAB847FBF6D4E7FBFCC
:10290000580E7FBF6DC47EBFB0707EBF23137EBFE5
:10291000CCAB7DBFAC3A7DBFC9BF7CBF283B7CBF81
:10292000CDAC7BBFBE147BBF02737ABF9DC779BF9E
:10293000981279BFF85378BFC58B77BF07BA76BFB7
:10294000C6DE75BF0BFA74BFDD0B74BF471473BFCF
:10295000521372BF080971BF73F56FBF9ED86EBF67
:1029600093B26DBF5E836CBF0C4B6BBFA7096ABF90
:102970003CBF68BFD86B67BF880F66BF59AA64BFEA
:102980005A3C63BF97C561BF214660BF05BE5EBFAD
:10299000532D5DBF1A945BBF6AF259BF534858BFAD
:1029A000E59556BF31DB54BF491853BF3D4D51BF6C
:1029B000207A4FBF029F4DBFF8BB4BBF12D149BF1A
:1029C00065DE47BF03E445BF01E243BF70D841BFA6
:1029D00067C73FBFF9AE3DBF3B8F3BBF426839BFC2
:1029E000233A37BFF30435BFC9C832BFBB8530BFF8
:1029F000DE3B2EBF4AEB2BBF159429BF563627BFAF
:102A000025D224BF996722BFCBF61FBFD17F1DBF40
:102A1000C6021BBFC07F18BFD9F615BF2A6813BFF7
:102A2000CDD310BFDA390EBF6B9A0BBF9BF508BF31
:102A3000824B06BF3D9C03BFE4E700BF275DFCBEA1
:102A4000CBE0F6BEEA5AF1BEBBCBEBBE7533E6BEB9
:102A50004F92E0BE80E8DABE4136D5BECA7BCFBE1B
:102A600053B9C9BE15EFC3BE491DBEBE2A44B8BE88
:102A7000EF63B2BED47CACBE128FA6BEE59AA0BEF8
:102A800086A09ABE32A094BE229A8EBE938E88BE35
:102A9000C07D82BECCCF78BE7F9A6CBE135C60BE18
:102AA000011554BEC2C547BECF6E3BBEA2102FBE9D
:102AB000B5AB22BE834016BE87CF09BE73B2FABD46
:102AC0002FBCE1BD36BDC8BD80B6AFBD04A996BD63
:102AD000752B7BBD2EFB48BD2BC316BDB10AC9BCEF
:102AE000920E49BC00000080082B01080000002461
:102AF000EC0300005E090008902C0108EC030024A0
:102B00000C94000004EF00080124321042012C90C4
:102B1000D0030480093333EB3A58A08B3A291C15B3
:102B20007D04017C100F0240AB03410105530806F0
:102B30005804070F160810810911160A15800B1684
:102B4000450C18010D05157017701708081250C3B1
:102B500047CDCCCC3D0409531C110B1AC8421C7C38
:102B6000587380E001AC1AAA0181B032F55B9EC1B6
:102B7000F697DDBFE92691C0C74B9DC0CE8857416F
:102B8000643BCF3F5FC72042265385402EFF5E4106
:102B900081046541633F1E4225751E400185EC514D
:102BA000383E0510C3F51C41092E5CD0C60F4BD230
:102BB000C2C7EA09436036B6C28048AFBFA9131046
:102BC0003E2041613F711B0AC132E6AEBD40E42F99
:102BD000C21D7843429C2299C175027AC0DDA4B718
:102BE000C1E02DD4413E794EC1C9765AC0AEF71628
:102BF000C3424E5543582AEEC2DC5702427593A891
:102C0000C0780B134132E6C6C0B7D138406A2D31C7
:102C10004351BA25C363AE234206815141B7624195
:102C200041C0EC39C1E17ADC3F8B6CDF3F07EEB18C
:102C3000C2C5CFFD42C3F58BC26F1285412760B379
:102C4000C24FDEE94232B76DC27CF25541CE42330B
:102C500044753648C4B64CA0433199BC4119044868
:102C6000422DF26FC2FFB2D741E5F2BFBE0AD7A331
:102C70003D016F803F6F12833A0C4904891C293053
:102C800081490CA3344383F042021F03024B0A0024
:04000005080002CD20
:00000001FF
